kingdom,phylum,class,order,family,genus,species,0
Plantae,Tracheophyta,Cycadopsida,Cycadales,Zamiaceae,Macrozamia,Macrozamia moorei,60
Plantae,Tracheophyta,Liliopsida,Alismatales,Aponogetonaceae,Aponogeton,Aponogeton junceus,48
Plantae,Tracheophyta,Liliopsida,Alismatales,Araceae,Anthurium,Anthurium cordatum,1
Plantae,Tracheophyta,Liliopsida,Alismatales,Araceae,Anthurium,Anthurium oxybelium,7
Plantae,Tracheophyta,Liliopsida,Alismatales,Araceae,Arum,Arum orientale,386
Plantae,Tracheophyta,Liliopsida,Alismatales,Araceae,Philodendron,Philodendron crassispathum,5
Plantae,Tracheophyta,Liliopsida,Alismatales,Araceae,Philodendron,Philodendron radiatum,251
Plantae,Tracheophyta,Liliopsida,Alismatales,Araceae,Philodendron,Philodendron sparreorum,13
Plantae,Tracheophyta,Liliopsida,Alismatales,Araceae,Philodendron,Philodendron subhastatum,10
Plantae,Tracheophyta,Liliopsida,Alismatales,Araceae,Philodendron,Philodendron tortum,3
Plantae,Tracheophyta,Liliopsida,Alismatales,Juncaginaceae,Triglochin,Triglochin elongata,9
Plantae,Tracheophyta,Liliopsida,Alismatales,Juncaginaceae,Triglochin,Triglochin scilloides,130
Plantae,Tracheophyta,Liliopsida,Alismatales,Potamogetonaceae,Potamogeton,Potamogeton coloratus,19
Plantae,Tracheophyta,Liliopsida,Alismatales,Zosteraceae,Zostera,Zostera capensis,59
Plantae,Tracheophyta,Liliopsida,Arecales,Arecaceae,Allagoptera,Allagoptera caudescens,4
Plantae,Tracheophyta,Liliopsida,Arecales,Arecaceae,Bactris,Bactris gasipaes,137
Plantae,Tracheophyta,Liliopsida,Arecales,Arecaceae,Butia,Butia paraguayensis,30
Plantae,Tracheophyta,Liliopsida,Arecales,Arecaceae,Chamaedorea,Chamaedorea pinnatifrons,146
Plantae,Tracheophyta,Liliopsida,Arecales,Arecaceae,Iriartea,Iriartea deltoidea,143
Plantae,Tracheophyta,Liliopsida,Arecales,Arecaceae,Marojejya,Marojejya insignis,12
Plantae,Tracheophyta,Liliopsida,Arecales,Arecaceae,Ravenea,Ravenea glauca,10
Plantae,Tracheophyta,Liliopsida,Asparagales,Amaryllidaceae,Allium,Allium artemisietorum,4
Plantae,Tracheophyta,Liliopsida,Asparagales,Amaryllidaceae,Allium,Allium erdelii,25
Plantae,Tracheophyta,Liliopsida,Asparagales,Amaryllidaceae,Allium,Allium feinbergii,6
Plantae,Tracheophyta,Liliopsida,Asparagales,Amaryllidaceae,Allium,Allium melananthum,7
Plantae,Tracheophyta,Liliopsida,Asparagales,Amaryllidaceae,Allium,Allium parryi,99
Plantae,Tracheophyta,Liliopsida,Asparagales,Amaryllidaceae,Allium,Allium setifolium,2
Plantae,Tracheophyta,Liliopsida,Asparagales,Amaryllidaceae,Allium,Allium trifoliatum,220
Plantae,Tracheophyta,Liliopsida,Asparagales,Amaryllidaceae,Ammocharis,Ammocharis tinneana,58
Plantae,Tracheophyta,Liliopsida,Asparagales,Amaryllidaceae,Crinum,Crinum firmifolium,2
Plantae,Tracheophyta,Liliopsida,Asparagales,Amaryllidaceae,Gethyllis,Gethyllis setosa,14
Plantae,Tracheophyta,Liliopsida,Asparagales,Amaryllidaceae,Haemanthus,Haemanthus tristis,12
Plantae,Tracheophyta,Liliopsida,Asparagales,Amaryllidaceae,Hessea,Hessea mathewsii,2
Plantae,Tracheophyta,Liliopsida,Asparagales,Amaryllidaceae,Ipheion,Ipheion uniflorum,2560
Plantae,Tracheophyta,Liliopsida,Asparagales,Amaryllidaceae,Pancratium,Pancratium trianthum,16
Plantae,Tracheophyta,Liliopsida,Asparagales,Amaryllidaceae,Sternbergia,Sternbergia clusiana,193
Plantae,Tracheophyta,Liliopsida,Asparagales,Asparagaceae,Agave,Agave oaxacana,3
Plantae,Tracheophyta,Liliopsida,Asparagales,Asparagaceae,Albuca,Albuca schoenlandii,6
Plantae,Tracheophyta,Liliopsida,Asparagales,Asparagaceae,Chlorogalum,Chlorogalum grandiflorum,31
Plantae,Tracheophyta,Liliopsida,Asparagales,Asparagaceae,Drimiopsis,Drimiopsis maculata,182
Plantae,Tracheophyta,Liliopsida,Asparagales,Asparagaceae,Echeandia,Echeandia montealbanensis,6
Plantae,Tracheophyta,Liliopsida,Asparagales,Asparagaceae,Eriospermum,Eriospermum lanuginosum,6
Plantae,Tracheophyta,Liliopsida,Asparagales,Asparagaceae,Lachenalia,Lachenalia lutea,233
Plantae,Tracheophyta,Liliopsida,Asparagales,Asparagaceae,Ledebouria,Ledebouria socialis,17
Plantae,Tracheophyta,Liliopsida,Asparagales,Asparagaceae,Lomandra,Lomandra hystrix,269
Plantae,Tracheophyta,Liliopsida,Asparagales,Asparagaceae,Milla,Milla biflora,1215
Plantae,Tracheophyta,Liliopsida,Asparagales,Asparagaceae,Ophiopogon,Ophiopogon intermedius,200
Plantae,Tracheophyta,Liliopsida,Asparagales,Asphodelaceae,Aloe,Aloe aculeata,29
Plantae,Tracheophyta,Liliopsida,Asparagales,Asphodelaceae,Aloiampelos,Aloiampelos juddii,4
Plantae,Tracheophyta,Liliopsida,Asparagales,Asphodelaceae,Eremurus,Eremurus fuscus,93
Plantae,Tracheophyta,Liliopsida,Asparagales,Asphodelaceae,Haworthiopsis,Haworthiopsis glauca,21
Plantae,Tracheophyta,Liliopsida,Asparagales,Asphodelaceae,Haworthiopsis,Haworthiopsis viscosa,187
Plantae,Tracheophyta,Liliopsida,Asparagales,Asphodelaceae,Hemerocallis,Hemerocallis fulva,6612
Plantae,Tracheophyta,Liliopsida,Asparagales,Asphodelaceae,Kniphofia,Kniphofia sarmentosa,28
Plantae,Tracheophyta,Liliopsida,Asparagales,Blandfordiaceae,Blandfordia,Blandfordia cunninghamii,29
Plantae,Tracheophyta,Liliopsida,Asparagales,Hypoxidaceae,Pauridia,Pauridia breviscapa,10
Plantae,Tracheophyta,Liliopsida,Asparagales,Iridaceae,Geissorhiza,Geissorhiza elsiae,34
Plantae,Tracheophyta,Liliopsida,Asparagales,Iridaceae,Gladiolus,Gladiolus blommesteinii,49
Plantae,Tracheophyta,Liliopsida,Asparagales,Iridaceae,Iris,Iris hookeriana,8
Plantae,Tracheophyta,Liliopsida,Asparagales,Iridaceae,Moraea,Moraea trifida,30
Plantae,Tracheophyta,Liliopsida,Asparagales,Iridaceae,Sparaxis,Sparaxis galeata,5
Plantae,Tracheophyta,Liliopsida,Asparagales,Iridaceae,Tritonia,Tritonia dubia,48
Plantae,Tracheophyta,Liliopsida,Asparagales,Iridaceae,Tritoniopsis,Tritoniopsis revoluta,60
Plantae,Tracheophyta,Liliopsida,Asparagales,Iridaceae,Watsonia,Watsonia schlechteri,301
Plantae,Tracheophyta,Liliopsida,Asparagales,Orchidaceae,Benthamia,Benthamia glaberrima,5
Plantae,Tracheophyta,Liliopsida,Asparagales,Orchidaceae,Brachycorythis,Brachycorythis helferi,6
Plantae,Tracheophyta,Liliopsida,Asparagales,Orchidaceae,Caladenia,Caladenia barbarossa,154
Plantae,Tracheophyta,Liliopsida,Asparagales,Orchidaceae,Caladenia,Caladenia saxicola,9
Plantae,Tracheophyta,Liliopsida,Asparagales,Orchidaceae,Chiloglottis,Chiloglottis sphyrnoides,5
Plantae,Tracheophyta,Liliopsida,Asparagales,Orchidaceae,Clowesia,Clowesia warczewiczii,7
Plantae,Tracheophyta,Liliopsida,Asparagales,Orchidaceae,Corybas,Corybas cryptanthus,96
Plantae,Tracheophyta,Liliopsida,Asparagales,Orchidaceae,Cuitlauzina,Cuitlauzina pendula,27
Plantae,Tracheophyta,Liliopsida,Asparagales,Orchidaceae,Cyrtochilum,Cyrtochilum ventilabrum,4
Plantae,Tracheophyta,Liliopsida,Asparagales,Orchidaceae,Dendrobium,Dendrobium fellowsii,17
Plantae,Tracheophyta,Liliopsida,Asparagales,Orchidaceae,Dendrobium,Dendrobium linearifolium,5
Plantae,Tracheophyta,Liliopsida,Asparagales,Orchidaceae,Dendrophylax,Dendrophylax porrectus,278
Plantae,Tracheophyta,Liliopsida,Asparagales,Orchidaceae,Disa,Disa begleyi,6
Plantae,Tracheophyta,Liliopsida,Asparagales,Orchidaceae,Disa,Disa procera,19
Plantae,Tracheophyta,Liliopsida,Asparagales,Orchidaceae,Diuris,Diuris oporina,17
Plantae,Tracheophyta,Liliopsida,Asparagales,Orchidaceae,Diuris,Diuris semilunulata,40
Plantae,Tracheophyta,Liliopsida,Asparagales,Orchidaceae,Elleanthus,Elleanthus oliganthus,4
Plantae,Tracheophyta,Liliopsida,Asparagales,Orchidaceae,Eltroplectris,Eltroplectris calcarata,113
Plantae,Tracheophyta,Liliopsida,Asparagales,Orchidaceae,Encyclia,Encyclia huertae,16
Plantae,Tracheophyta,Liliopsida,Asparagales,Orchidaceae,Epidendrum,Epidendrum barbae,3
Plantae,Tracheophyta,Liliopsida,Asparagales,Orchidaceae,Eulophia,Eulophia longisepala,10
Plantae,Tracheophyta,Liliopsida,Asparagales,Orchidaceae,Gavilea,Gavilea gladysiae,3
Plantae,Tracheophyta,Liliopsida,Asparagales,Orchidaceae,Genoplesium,Genoplesium clivicola,6
Plantae,Tracheophyta,Liliopsida,Asparagales,Orchidaceae,Habenaria,Habenaria monadenioides,12
Plantae,Tracheophyta,Liliopsida,Asparagales,Orchidaceae,Isochilus,Isochilus chiriquensis,7
Plantae,Tracheophyta,Liliopsida,Asparagales,Orchidaceae,Laelia,Laelia albida,109
Plantae,Tracheophyta,Liliopsida,Asparagales,Orchidaceae,Lemurella,Lemurella pallidiflora,10
Plantae,Tracheophyta,Liliopsida,Asparagales,Orchidaceae,Lepanthes,Lepanthes pachoi,8
Plantae,Tracheophyta,Liliopsida,Asparagales,Orchidaceae,Lepanthes,Lepanthes scopula,10
Plantae,Tracheophyta,Liliopsida,Asparagales,Orchidaceae,Malaxis,Malaxis massonii,13
Plantae,Tracheophyta,Liliopsida,Asparagales,Orchidaceae,Malaxis,Malaxis monophyllos,1095
Plantae,Tracheophyta,Liliopsida,Asparagales,Orchidaceae,Masdevallia,Masdevallia platyglossa,8
Plantae,Tracheophyta,Liliopsida,Asparagales,Orchidaceae,Maxillaria,Maxillaria scorpioidea,11
Plantae,Tracheophyta,Liliopsida,Asparagales,Orchidaceae,Mesadenus,Mesadenus tenuissimus,7
Plantae,Tracheophyta,Liliopsida,Asparagales,Orchidaceae,Neobathiea,Neobathiea grandidierana,10
Plantae,Tracheophyta,Liliopsida,Asparagales,Orchidaceae,Neottia,Neottia japonica,19
Plantae,Tracheophyta,Liliopsida,Asparagales,Orchidaceae,Neottia,Neottia makinoana,14
Plantae,Tracheophyta,Liliopsida,Asparagales,Orchidaceae,Paphiopedilum,Paphiopedilum glanduliferum,9
Plantae,Tracheophyta,Liliopsida,Asparagales,Orchidaceae,Platanthera,Platanthera ephemerantha,235
Plantae,Tracheophyta,Liliopsida,Asparagales,Orchidaceae,Platanthera,Platanthera hookeri,388
Plantae,Tracheophyta,Liliopsida,Asparagales,Orchidaceae,Platanthera,Platanthera hyperborea,305
Plantae,Tracheophyta,Liliopsida,Asparagales,Orchidaceae,Platanthera,Platanthera mixta,12
Plantae,Tracheophyta,Liliopsida,Asparagales,Orchidaceae,Prasophyllum,Prasophyllum gracile,139
Plantae,Tracheophyta,Liliopsida,Asparagales,Orchidaceae,Pterostylis,Pterostylis aphylla,6
Plantae,Tracheophyta,Liliopsida,Asparagales,Orchidaceae,Pterygodium,Pterygodium catholicum,1293
Plantae,Tracheophyta,Liliopsida,Asparagales,Orchidaceae,Satyrium,Satyrium rhodanthum,21
Plantae,Tracheophyta,Liliopsida,Asparagales,Orchidaceae,Sobralia,Sobralia klotzscheana,9
Plantae,Tracheophyta,Liliopsida,Asparagales,Orchidaceae,Specklinia,Specklinia lanceola,10
Plantae,Tracheophyta,Liliopsida,Asparagales,Orchidaceae,Spiranthes,Spiranthes romanzoffiana,3173
Plantae,Tracheophyta,Liliopsida,Asparagales,Orchidaceae,Stanhopea,Stanhopea graveolens,46
Plantae,Tracheophyta,Liliopsida,Asparagales,Orchidaceae,Stenoglottis,Stenoglottis longifolia,8
Plantae,Tracheophyta,Liliopsida,Asparagales,Orchidaceae,Thelymitra,Thelymitra javanica,7
Plantae,Tracheophyta,Liliopsida,Asparagales,Orchidaceae,Thelymitra,Thelymitra silena,5
Plantae,Tracheophyta,Liliopsida,Asparagales,Orchidaceae,Tolumnia,Tolumnia variegata,97
Plantae,Tracheophyta,Liliopsida,Asparagales,Orchidaceae,Trichocentrum,Trichocentrum nataliae,7
Plantae,Tracheophyta,Liliopsida,Asparagales,Orchidaceae,Tridactyle,Tridactyle bicaudata,165
Plantae,Tracheophyta,Liliopsida,Asparagales,Orchidaceae,Vanilla,Vanilla barbellata,38
Plantae,Tracheophyta,Liliopsida,Asparagales,Orchidaceae,Zeuxine,Zeuxine odorata,29
Plantae,Tracheophyta,Liliopsida,Commelinales,Commelinaceae,Pseudoparis,Pseudoparis cauliflora,3
Plantae,Tracheophyta,Liliopsida,Dioscoreales,Dioscoreaceae,Dioscorea,Dioscorea chouardii,2
Plantae,Tracheophyta,Liliopsida,Liliales,Colchicaceae,Colchicum,Colchicum eucomoides,244
Plantae,Tracheophyta,Liliopsida,Liliales,Colchicaceae,Uvularia,Uvularia perfoliata,3439
Plantae,Tracheophyta,Liliopsida,Liliales,Liliaceae,Tulipa,Tulipa dasystemon,61
Plantae,Tracheophyta,Liliopsida,Liliales,Liliaceae,Tulipa,Tulipa sylvestris,4047
Plantae,Tracheophyta,Liliopsida,Liliales,Melanthiaceae,Schoenocaulon,Schoenocaulon texanum,586
Plantae,Tracheophyta,Liliopsida,Liliales,Melanthiaceae,Stenanthium,Stenanthium texanum,34
Plantae,Tracheophyta,Liliopsida,Liliales,Melanthiaceae,Trillium,Trillium viridescens,356
Plantae,Tracheophyta,Liliopsida,Liliales,Melanthiaceae,Veratrum,Veratrum californicum,4657
Plantae,Tracheophyta,Liliopsida,Pandanales,Velloziaceae,Vellozia,Vellozia pumila,18
Plantae,Tracheophyta,Liliopsida,Poales,Bromeliaceae,Aechmea,Aechmea eurycorymbus,1
Plantae,Tracheophyta,Liliopsida,Poales,Bromeliaceae,Pitcairnia,Pitcairnia spicata,8
Plantae,Tracheophyta,Liliopsida,Poales,Bromeliaceae,Tillandsia,Tillandsia humilis,1
Plantae,Tracheophyta,Liliopsida,Poales,Bromeliaceae,Tillandsia,Tillandsia matudae,9
Plantae,Tracheophyta,Liliopsida,Poales,Bromeliaceae,Tillandsia,Tillandsia xiphioides,37
Plantae,Tracheophyta,Liliopsida,Poales,Bromeliaceae,Tillandsia,Tillandsia yunckeri,14
Plantae,Tracheophyta,Liliopsida,Poales,Bromeliaceae,Vriesea,Vriesea friburgensis,153
Plantae,Tracheophyta,Liliopsida,Poales,Cyperaceae,Bulbostylis,Bulbostylis contexta,15
Plantae,Tracheophyta,Liliopsida,Poales,Cyperaceae,Carex,Carex arctata,1083
Plantae,Tracheophyta,Liliopsida,Poales,Cyperaceae,Carex,Carex borbonica,5
Plantae,Tracheophyta,Liliopsida,Poales,Cyperaceae,Carex,Carex careyana,436
Plantae,Tracheophyta,Liliopsida,Poales,Cyperaceae,Carex,Carex corynoidea,62
Plantae,Tracheophyta,Liliopsida,Poales,Cyperaceae,Carex,Carex davalliana,118
Plantae,Tracheophyta,Liliopsida,Poales,Cyperaceae,Carex,Carex disperma,628
Plantae,Tracheophyta,Liliopsida,Poales,Cyperaceae,Carex,Carex fraseriana,426
Plantae,Tracheophyta,Liliopsida,Poales,Cyperaceae,Carex,Carex inopinata,13
Plantae,Tracheophyta,Liliopsida,Poales,Cyperaceae,Carex,Carex ischnostachya,22
Plantae,Tracheophyta,Liliopsida,Poales,Cyperaceae,Carex,Carex juniperorum,33
Plantae,Tracheophyta,Liliopsida,Poales,Cyperaceae,Carex,Carex marina,6
Plantae,Tracheophyta,Liliopsida,Poales,Cyperaceae,Caustis,Caustis blakei,292
Plantae,Tracheophyta,Liliopsida,Poales,Cyperaceae,Cyperus,Cyperus scaber,2
Plantae,Tracheophyta,Liliopsida,Poales,Cyperaceae,Cyperus,Cyperus trachysanthos,3
Plantae,Tracheophyta,Liliopsida,Poales,Cyperaceae,Eleocharis,Eleocharis acicularis,617
Plantae,Tracheophyta,Liliopsida,Poales,Cyperaceae,Eleocharis,Eleocharis parvula,66
Plantae,Tracheophyta,Liliopsida,Poales,Cyperaceae,Oreobolus,Oreobolus furcatus,15
Plantae,Tracheophyta,Liliopsida,Poales,Cyperaceae,Oreobolus,Oreobolus pumilio,2
Plantae,Tracheophyta,Liliopsida,Poales,Cyperaceae,Rhynchospora,Rhynchospora corniculata,913
Plantae,Tracheophyta,Liliopsida,Poales,Cyperaceae,Schoenus,Schoenus arenicola,24
Plantae,Tracheophyta,Liliopsida,Poales,Cyperaceae,Schoenus,Schoenus complanatus,11
Plantae,Tracheophyta,Liliopsida,Poales,Cyperaceae,Scirpodendron,Scirpodendron ghaeri,4
Plantae,Tracheophyta,Liliopsida,Poales,Cyperaceae,Scirpus,Scirpus pedicellatus,185
Plantae,Tracheophyta,Liliopsida,Poales,Cyperaceae,Scleria,Scleria transvaalensis,9
Plantae,Tracheophyta,Liliopsida,Poales,Eriocaulaceae,Paepalanthus,Paepalanthus ensifolius,6
Plantae,Tracheophyta,Liliopsida,Poales,Juncaceae,Juncus,Juncus marginatus,619
Plantae,Tracheophyta,Liliopsida,Poales,Juncaceae,Juncus,Juncus pelocarpus,241
Plantae,Tracheophyta,Liliopsida,Poales,Juncaceae,Luzula,Luzula comosa,486
Plantae,Tracheophyta,Liliopsida,Poales,Poaceae,Aciachne,Aciachne pulvinata,5
Plantae,Tracheophyta,Liliopsida,Poales,Poaceae,Alopecurus,Alopecurus japonicus,4
Plantae,Tracheophyta,Liliopsida,Poales,Poaceae,Alopecurus,Alopecurus pratensis,7579
Plantae,Tracheophyta,Liliopsida,Poales,Poaceae,Antinoria,Antinoria insularis,5
Plantae,Tracheophyta,Liliopsida,Poales,Poaceae,Aristida,Aristida hamulosa,19
Plantae,Tracheophyta,Liliopsida,Poales,Poaceae,Avena,Avena clauda,16
Plantae,Tracheophyta,Liliopsida,Poales,Poaceae,Bambusa,Bambusa vulgaris,13
Plantae,Tracheophyta,Liliopsida,Poales,Poaceae,Blepharidachne,Blepharidachne kingii,37
Plantae,Tracheophyta,Liliopsida,Poales,Poaceae,Bouteloua,Bouteloua reflexa,20
Plantae,Tracheophyta,Liliopsida,Poales,Poaceae,Cenchrus,Cenchrus pilosus,5
Plantae,Tracheophyta,Liliopsida,Poales,Poaceae,Chusquea,Chusquea bilimekii,10
Plantae,Tracheophyta,Liliopsida,Poales,Poaceae,Dactyloctenium,Dactyloctenium aegyptium,3193
Plantae,Tracheophyta,Liliopsida,Poales,Poaceae,Digitaria,Digitaria porrecta,46
Plantae,Tracheophyta,Liliopsida,Poales,Poaceae,Dinebra,Dinebra retroflexa,27
Plantae,Tracheophyta,Liliopsida,Poales,Poaceae,Festuca,Festuca maritima,19
Plantae,Tracheophyta,Liliopsida,Poales,Poaceae,Gaudinia,Gaudinia coarctata,11
Plantae,Tracheophyta,Liliopsida,Poales,Poaceae,Glyceria,Glyceria acutiflora,20
Plantae,Tracheophyta,Liliopsida,Poales,Poaceae,Indopoa,Indopoa paupercula,8
Plantae,Tracheophyta,Liliopsida,Poales,Poaceae,Isachne,Isachne pallens,31
Plantae,Tracheophyta,Liliopsida,Poales,Poaceae,Ischaemum,Ischaemum barbatum,5
Plantae,Tracheophyta,Liliopsida,Poales,Poaceae,Iseilema,Iseilema vaginiflorum,8
Plantae,Tracheophyta,Liliopsida,Poales,Poaceae,Leymus,Leymus villosissimus,10
Plantae,Tracheophyta,Liliopsida,Poales,Poaceae,Melica,Melica spectabilis,6
Plantae,Tracheophyta,Liliopsida,Poales,Poaceae,Muhlenbergia,Muhlenbergia straminea,7
Plantae,Tracheophyta,Liliopsida,Poales,Poaceae,Nassella,Nassella hyalina,5
Plantae,Tracheophyta,Liliopsida,Poales,Poaceae,Oreochloa,Oreochloa confusa,4
Plantae,Tracheophyta,Liliopsida,Poales,Poaceae,Paspalum,Paspalum acuminatum,11
Plantae,Tracheophyta,Liliopsida,Poales,Poaceae,Paspalum,Paspalum forsterianum,3
Plantae,Tracheophyta,Liliopsida,Poales,Poaceae,Phyllostachys,Phyllostachys makinoi,46
Plantae,Tracheophyta,Liliopsida,Poales,Poaceae,Puccinellia,Puccinellia stricta,43
Plantae,Tracheophyta,Liliopsida,Poales,Poaceae,Sasa,Sasa kurilensis,23
Plantae,Tracheophyta,Liliopsida,Poales,Poaceae,Setaria,Setaria texana,7
Plantae,Tracheophyta,Liliopsida,Poales,Poaceae,Sporobolus,Sporobolus nealleyi,12
Plantae,Tracheophyta,Liliopsida,Poales,Poaceae,Sporobolus,Sporobolus nitens,22
Plantae,Tracheophyta,Liliopsida,Poales,Poaceae,Stipa,Stipa neaei,5
Plantae,Tracheophyta,Liliopsida,Poales,Poaceae,Trisetum,Trisetum distichophyllum,12
Plantae,Tracheophyta,Liliopsida,Poales,Restionaceae,Chordifex,Chordifex monocephalus,8
Plantae,Tracheophyta,Liliopsida,Poales,Restionaceae,Hypodiscus,Hypodiscus rugosus,14
Plantae,Tracheophyta,Liliopsida,Zingiberales,Costaceae,Costus,Costus dirzoi,20
Plantae,Tracheophyta,Liliopsida,Zingiberales,Marantaceae,Goeppertia,Goeppertia cylindrica,34
Plantae,Tracheophyta,Liliopsida,Zingiberales,Musaceae,Musa,Musa monticola,7
Plantae,Tracheophyta,Liliopsida,Zingiberales,Zingiberaceae,Renealmia,Renealmia floribunda,12
Plantae,Tracheophyta,Lycopodiopsida,Selaginellales,Selaginellaceae,Selaginella,Selaginella heterostachys,16
Plantae,Tracheophyta,Lycopodiopsida,Selaginellales,Selaginellaceae,Selaginella,Selaginella lutchuensis,6
Plantae,Tracheophyta,Lycopodiopsida,Selaginellales,Selaginellaceae,Selaginella,Selaginella minima,4
Plantae,Tracheophyta,Lycopodiopsida,Selaginellales,Selaginellaceae,Selaginella,Selaginella pulvinata,8
Plantae,Tracheophyta,Magnoliopsida,Apiales,Apiaceae,Actinotus,Actinotus moorei,12
Plantae,Tracheophyta,Magnoliopsida,Apiales,Apiaceae,Anethum,Anethum graveolens,521
Plantae,Tracheophyta,Magnoliopsida,Apiales,Apiaceae,Angelica,Angelica archangelica,2980
Plantae,Tracheophyta,Magnoliopsida,Apiales,Apiaceae,Arctopus,Arctopus monacanthus,201
Plantae,Tracheophyta,Magnoliopsida,Apiales,Apiaceae,Aulospermum,Aulospermum glaucum,4
Plantae,Tracheophyta,Magnoliopsida,Apiales,Apiaceae,Centella,Centella fusca,9
Plantae,Tracheophyta,Magnoliopsida,Apiales,Apiaceae,Conioselinum,Conioselinum morrisonense,12
Plantae,Tracheophyta,Magnoliopsida,Apiales,Apiaceae,Eryngium,Eryngium amethystinum,538
Plantae,Tracheophyta,Magnoliopsida,Apiales,Apiaceae,Eryngium,Eryngium variifolium,2
Plantae,Tracheophyta,Magnoliopsida,Apiales,Apiaceae,Ferulago,Ferulago aucheri,24
Plantae,Tracheophyta,Magnoliopsida,Apiales,Apiaceae,Lomatium,Lomatium hendersonii,4
Plantae,Tracheophyta,Magnoliopsida,Apiales,Apiaceae,Tiedemannia,Tiedemannia filiformis,754
Plantae,Tracheophyta,Magnoliopsida,Apiales,Araliaceae,Astrotricha,Astrotricha pterocarpa,16
Plantae,Tracheophyta,Magnoliopsida,Apiales,Araliaceae,Hydrocotyle,Hydrocotyle laxiflora,809
Plantae,Tracheophyta,Magnoliopsida,Apiales,Pittosporaceae,Billardiera,Billardiera longiflora,249
Plantae,Tracheophyta,Magnoliopsida,Apiales,Pittosporaceae,Marianthus,Marianthus erubescens,27
Plantae,Tracheophyta,Magnoliopsida,Apiales,Pittosporaceae,Pittosporum,Pittosporum glabratum,23
Plantae,Tracheophyta,Magnoliopsida,Apiales,Pittosporaceae,Pittosporum,Pittosporum poumense,6
Plantae,Tracheophyta,Magnoliopsida,Aquifoliales,Phyllonomaceae,Phyllonoma,Phyllonoma laticuspis,26
Plantae,Tracheophyta,Magnoliopsida,Asterales,Asteraceae,Achillea,Achillea oxyloba,90
Plantae,Tracheophyta,Magnoliopsida,Asterales,Asteraceae,Achillea,Achillea tenuifolia,3
Plantae,Tracheophyta,Magnoliopsida,Asterales,Asteraceae,Ageratina,Ageratina shastensis,9
Plantae,Tracheophyta,Magnoliopsida,Asterales,Asteraceae,Ageratina,Ageratina tenuis,2
Plantae,Tracheophyta,Magnoliopsida,Asterales,Asteraceae,Allardia,Allardia tomentosa,8
Plantae,Tracheophyta,Magnoliopsida,Asterales,Asteraceae,Andicolea,Andicolea ferruginea,5
Plantae,Tracheophyta,Magnoliopsida,Asterales,Asteraceae,Antennaria,Antennaria stenophylla,12
Plantae,Tracheophyta,Magnoliopsida,Asterales,Asteraceae,Anthemis,Anthemis melampodina,16
Plantae,Tracheophyta,Magnoliopsida,Asterales,Asteraceae,Arnica,Arnica cordifolia,2746
Plantae,Tracheophyta,Magnoliopsida,Asterales,Asteraceae,Arnica,Arnica montana,1899
Plantae,Tracheophyta,Magnoliopsida,Asterales,Asteraceae,Artemisia,Artemisia arctica,174
Plantae,Tracheophyta,Magnoliopsida,Asterales,Asteraceae,Athanasia,Athanasia tomentosa,66
Plantae,Tracheophyta,Magnoliopsida,Asterales,Asteraceae,Baccharis,Baccharis brachylaenoides,8
Plantae,Tracheophyta,Magnoliopsida,Asterales,Asteraceae,Baccharis,Baccharis vanessae,8
Plantae,Tracheophyta,Magnoliopsida,Asterales,Asteraceae,Bebbia,Bebbia juncea,4376
Plantae,Tracheophyta,Magnoliopsida,Asterales,Asteraceae,Berkheya,Berkheya chamaepeuce,11
Plantae,Tracheophyta,Magnoliopsida,Asterales,Asteraceae,Bidens,Bidens menziesii,13
Plantae,Tracheophyta,Magnoliopsida,Asterales,Asteraceae,Brachanthemum,Brachanthemum krylovii,8
Plantae,Tracheophyta,Magnoliopsida,Asterales,Asteraceae,Carduncellus,Carduncellus caeruleus,220
Plantae,Tracheophyta,Magnoliopsida,Asterales,Asteraceae,Carduncellus,Carduncellus mitissimus,105
Plantae,Tracheophyta,Magnoliopsida,Asterales,Asteraceae,Carphochaete,Carphochaete schaffneri,6
Plantae,Tracheophyta,Magnoliopsida,Asterales,Asteraceae,Centaurea,Centaurea pineticola,11
Plantae,Tracheophyta,Magnoliopsida,Asterales,Asteraceae,Chaetanthera,Chaetanthera renifolia,5
Plantae,Tracheophyta,Magnoliopsida,Asterales,Asteraceae,Chaetopappa,Chaetopappa parryi,5
Plantae,Tracheophyta,Magnoliopsida,Asterales,Asteraceae,Cirsium,Cirsium creticum,37
Plantae,Tracheophyta,Magnoliopsida,Asterales,Asteraceae,Cirsium,Cirsium maritimum,33
Plantae,Tracheophyta,Magnoliopsida,Asterales,Asteraceae,Cladanthus,Cladanthus scariosus,12
Plantae,Tracheophyta,Magnoliopsida,Asterales,Asteraceae,Coreopsis,Coreopsis lanceolata,3887
Plantae,Tracheophyta,Magnoliopsida,Asterales,Asteraceae,Coreopsis,Coreopsis leavenworthii,1609
Plantae,Tracheophyta,Magnoliopsida,Asterales,Asteraceae,Coronidium,Coronidium oxylepis,92
Plantae,Tracheophyta,Magnoliopsida,Asterales,Asteraceae,Cousinia,Cousinia minkwitziae,2
Plantae,Tracheophyta,Magnoliopsida,Asterales,Asteraceae,Diplostephium,Diplostephium spinulosum,14
Plantae,Tracheophyta,Magnoliopsida,Asterales,Asteraceae,Echinops,Echinops cornigerus,4
Plantae,Tracheophyta,Magnoliopsida,Asterales,Asteraceae,Eremosis,Eremosis triflosculosa,13
Plantae,Tracheophyta,Magnoliopsida,Asterales,Asteraceae,Eremothamnus,Eremothamnus marlothianus,8
Plantae,Tracheophyta,Magnoliopsida,Asterales,Asteraceae,Erigeron,Erigeron eximius,8
Plantae,Tracheophyta,Magnoliopsida,Asterales,Asteraceae,Erigeron,Erigeron muralis,25
Plantae,Tracheophyta,Magnoliopsida,Asterales,Asteraceae,Espeletia,Espeletia timotensis,4
Plantae,Tracheophyta,Magnoliopsida,Asterales,Asteraceae,Eurybia,Eurybia radula,146
Plantae,Tracheophyta,Magnoliopsida,Asterales,Asteraceae,Euryops,Euryops pinnatipartitus,106
Plantae,Tracheophyta,Magnoliopsida,Asterales,Asteraceae,Eutrochium,Eutrochium dubium,581
Plantae,Tracheophyta,Magnoliopsida,Asterales,Asteraceae,Felicia,Felicia amoena,547
Plantae,Tracheophyta,Magnoliopsida,Asterales,Asteraceae,Gelasia,Gelasia tuberosa,3
Plantae,Tracheophyta,Magnoliopsida,Asterales,Asteraceae,Gonospermum,Gonospermum canariense,19
Plantae,Tracheophyta,Magnoliopsida,Asterales,Asteraceae,Grindelia,Grindelia greenei,13
Plantae,Tracheophyta,Magnoliopsida,Asterales,Asteraceae,Haeckeria,Haeckeria pholidota,8
Plantae,Tracheophyta,Magnoliopsida,Asterales,Asteraceae,Hazardia,Hazardia ferrisiae,8
Plantae,Tracheophyta,Magnoliopsida,Asterales,Asteraceae,Helianthus,Helianthus laevigatus,24
Plantae,Tracheophyta,Magnoliopsida,Asterales,Asteraceae,Helianthus,Helianthus paradoxus,18
Plantae,Tracheophyta,Magnoliopsida,Asterales,Asteraceae,Helianthus,Helianthus pauciflorus,572
Plantae,Tracheophyta,Magnoliopsida,Asterales,Asteraceae,Helichrysum,Helichrysum melaleucum,275
Plantae,Tracheophyta,Magnoliopsida,Asterales,Asteraceae,Helichrysum,Helichrysum sessilioides,35
Plantae,Tracheophyta,Magnoliopsida,Asterales,Asteraceae,Helichrysum,Helichrysum tinctum,191
Plantae,Tracheophyta,Magnoliopsida,Asterales,Asteraceae,Heteropappus,Heteropappus arenarius,2
Plantae,Tracheophyta,Magnoliopsida,Asterales,Asteraceae,Heterotheca,Heterotheca pedunculata,7
Plantae,Tracheophyta,Magnoliopsida,Asterales,Asteraceae,Hieracium,Hieracium waldsteinii,3
Plantae,Tracheophyta,Magnoliopsida,Asterales,Asteraceae,Iva,Iva frutescens,1412
Plantae,Tracheophyta,Magnoliopsida,Asterales,Asteraceae,Jacobaea,Jacobaea disjuncta,5
Plantae,Tracheophyta,Magnoliopsida,Asterales,Asteraceae,Kleinia,Kleinia galpinii,17
Plantae,Tracheophyta,Magnoliopsida,Asterales,Asteraceae,Lactuca,Lactuca raddeana,39
Plantae,Tracheophyta,Magnoliopsida,Asterales,Asteraceae,Lawrencella,Lawrencella rosea,34
Plantae,Tracheophyta,Magnoliopsida,Asterales,Asteraceae,Lepidaploa,Lepidaploa arborescens,1
Plantae,Tracheophyta,Magnoliopsida,Asterales,Asteraceae,Leptinella,Leptinella atrata,142
Plantae,Tracheophyta,Magnoliopsida,Asterales,Asteraceae,Leucanthemum,Leucanthemum graminifolium,8
Plantae,Tracheophyta,Magnoliopsida,Asterales,Asteraceae,Leucheria,Leucheria salina,12
Plantae,Tracheophyta,Magnoliopsida,Asterales,Asteraceae,Liatris,Liatris cymosa,68
Plantae,Tracheophyta,Magnoliopsida,Asterales,Asteraceae,Monticalia,Monticalia empetroides,1
Plantae,Tracheophyta,Magnoliopsida,Asterales,Asteraceae,Myrovernix,Myrovernix scaber,198
Plantae,Tracheophyta,Magnoliopsida,Asterales,Asteraceae,Onoseris,Onoseris speciosa,5
Plantae,Tracheophyta,Magnoliopsida,Asterales,Asteraceae,Osteospermum,Osteospermum junceum,295
Plantae,Tracheophyta,Magnoliopsida,Asterales,Asteraceae,Packera,Packera contermina,10
Plantae,Tracheophyta,Magnoliopsida,Asterales,Asteraceae,Packera,Packera loratifolia,19
Plantae,Tracheophyta,Magnoliopsida,Asterales,Asteraceae,Palafoxia,Palafoxia texana,280
Plantae,Tracheophyta,Magnoliopsida,Asterales,Asteraceae,Pentatrichia,Pentatrichia kuntzei,28
Plantae,Tracheophyta,Magnoliopsida,Asterales,Asteraceae,Phymaspermum,Phymaspermum appressum,14
Plantae,Tracheophyta,Magnoliopsida,Asterales,Asteraceae,Pleiotaxis,Pleiotaxis eximia,6
Plantae,Tracheophyta,Magnoliopsida,Asterales,Asteraceae,Pseudobaccharis,Pseudobaccharis retamoides,10
Plantae,Tracheophyta,Magnoliopsida,Asterales,Asteraceae,Pulicaria,Pulicaria burchardii,14
Plantae,Tracheophyta,Magnoliopsida,Asterales,Asteraceae,Rhaponticum,Rhaponticum centauroides,42
Plantae,Tracheophyta,Magnoliopsida,Asterales,Asteraceae,Saussurea,Saussurea neoserrata,56
Plantae,Tracheophyta,Magnoliopsida,Asterales,Asteraceae,Scorzonera,Scorzonera alpigena,6
Plantae,Tracheophyta,Magnoliopsida,Asterales,Asteraceae,Senecio,Senecio megacephalus,17
Plantae,Tracheophyta,Magnoliopsida,Asterales,Asteraceae,Senecio,Senecio pinifolius,256
Plantae,Tracheophyta,Magnoliopsida,Asterales,Asteraceae,Senecio,Senecio schweinfurthii,6
Plantae,Tracheophyta,Magnoliopsida,Asterales,Asteraceae,Sigesbeckia,Sigesbeckia glabrescens,15
Plantae,Tracheophyta,Magnoliopsida,Asterales,Asteraceae,Symphyotrichum,Symphyotrichum nahanniense,2
Plantae,Tracheophyta,Magnoliopsida,Asterales,Asteraceae,Syncarpha,Syncarpha virgata,9
Plantae,Tracheophyta,Magnoliopsida,Asterales,Asteraceae,Taraxacum,Taraxacum pseudoroseum,7
Plantae,Tracheophyta,Magnoliopsida,Asterales,Asteraceae,Tetradymia,Tetradymia canescens,1042
Plantae,Tracheophyta,Magnoliopsida,Asterales,Asteraceae,Townsendia,Townsendia fendleri,3
Plantae,Tracheophyta,Magnoliopsida,Asterales,Asteraceae,Trichocline,Trichocline catharinensis,6
Plantae,Tracheophyta,Magnoliopsida,Asterales,Asteraceae,Verbesina,Verbesina fraseri,6
Plantae,Tracheophyta,Magnoliopsida,Asterales,Asteraceae,Verbesina,Verbesina serrata,207
Plantae,Tracheophyta,Magnoliopsida,Asterales,Asteraceae,Willemetia,Willemetia tuberosa,23
Plantae,Tracheophyta,Magnoliopsida,Asterales,Campanulaceae,Adenophora,Adenophora liliifolia,1402
Plantae,Tracheophyta,Magnoliopsida,Asterales,Campanulaceae,Craterocapsa,Craterocapsa congesta,4
Plantae,Tracheophyta,Magnoliopsida,Asterales,Campanulaceae,Legousia,Legousia hybrida,175
Plantae,Tracheophyta,Magnoliopsida,Asterales,Campanulaceae,Lobelia,Lobelia flaccida,303
Plantae,Tracheophyta,Magnoliopsida,Asterales,Campanulaceae,Lobelia,Lobelia thapsoidea,4
Plantae,Tracheophyta,Magnoliopsida,Asterales,Campanulaceae,Phyteuma,Phyteuma scheuchzeri,327
Plantae,Tracheophyta,Magnoliopsida,Asterales,Campanulaceae,Roella,Roella recurvata,18
Plantae,Tracheophyta,Magnoliopsida,Asterales,Campanulaceae,Triodanis,Triodanis texana,117
Plantae,Tracheophyta,Magnoliopsida,Asterales,Goodeniaceae,Goodenia,Goodenia scaevolina,10
Plantae,Tracheophyta,Magnoliopsida,Asterales,Goodeniaceae,Scaevola,Scaevola glabra,86
Plantae,Tracheophyta,Magnoliopsida,Asterales,Goodeniaceae,Scaevola,Scaevola spinescens,284
Plantae,Tracheophyta,Magnoliopsida,Asterales,Stylidiaceae,Stylidium,Stylidium longibracteatum,4
Plantae,Tracheophyta,Magnoliopsida,Boraginales,Boraginaceae,Andersonglossum,Andersonglossum virginianum,6107
Plantae,Tracheophyta,Magnoliopsida,Boraginales,Boraginaceae,Cryptantha,Cryptantha recurvata,40
Plantae,Tracheophyta,Magnoliopsida,Boraginales,Boraginaceae,Lithospermum,Lithospermum canescens,3512
Plantae,Tracheophyta,Magnoliopsida,Boraginales,Boraginaceae,Lobostemon,Lobostemon curvifolius,28
Plantae,Tracheophyta,Magnoliopsida,Boraginales,Boraginaceae,Onosma,Onosma erecta,14
Plantae,Tracheophyta,Magnoliopsida,Boraginales,Boraginaceae,Solenanthus,Solenanthus dubius,215
Plantae,Tracheophyta,Magnoliopsida,Boraginales,Boraginaceae,Symphytum,Symphytum davisii,13
Plantae,Tracheophyta,Magnoliopsida,Boraginales,Cordiaceae,Varronia,Varronia leucophlyctis,10
Plantae,Tracheophyta,Magnoliopsida,Boraginales,Ehretiaceae,Halgania,Halgania andromedifolia,65
Plantae,Tracheophyta,Magnoliopsida,Boraginales,Heliotropiaceae,Heliotropium,Heliotropium lineare,11
Plantae,Tracheophyta,Magnoliopsida,Boraginales,Heliotropiaceae,Heliotropium,Heliotropium veronicifolium,7
Plantae,Tracheophyta,Magnoliopsida,Boraginales,Hydrophyllaceae,Phacelia,Phacelia leonis,14
Plantae,Tracheophyta,Magnoliopsida,Boraginales,Hydrophyllaceae,Phacelia,Phacelia mustelina,6
Plantae,Tracheophyta,Magnoliopsida,Boraginales,Hydrophyllaceae,Romanzoffia,Romanzoffia unalaschcensis,1
Plantae,Tracheophyta,Magnoliopsida,Boraginales,Namaceae,Eriodictyon,Eriodictyon californicum,6435
Plantae,Tracheophyta,Magnoliopsida,Boraginales,Namaceae,Eriodictyon,Eriodictyon crassifolium,5659
Plantae,Tracheophyta,Magnoliopsida,Brassicales,Brassicaceae,Arabis,Arabis sagittata,339
Plantae,Tracheophyta,Magnoliopsida,Brassicales,Brassicaceae,Blennodia,Blennodia canescens,3
Plantae,Tracheophyta,Magnoliopsida,Brassicales,Brassicaceae,Cardamine,Cardamine circaeoides,6
Plantae,Tracheophyta,Magnoliopsida,Brassicales,Brassicaceae,Cardamine,Cardamine hirsuta,19222
Plantae,Tracheophyta,Magnoliopsida,Brassicales,Brassicaceae,Cardamine,Cardamine microphylla,29
Plantae,Tracheophyta,Magnoliopsida,Brassicales,Brassicaceae,Chorispora,Chorispora macropoda,10
Plantae,Tracheophyta,Magnoliopsida,Brassicales,Brassicaceae,Diplotaxis,Diplotaxis ibicensis,3
Plantae,Tracheophyta,Magnoliopsida,Brassicales,Brassicaceae,Draba,Draba densifolia,50
Plantae,Tracheophyta,Magnoliopsida,Brassicales,Brassicaceae,Draba,Draba hispanica,4
Plantae,Tracheophyta,Magnoliopsida,Brassicales,Brassicaceae,Draba,Draba ussuriensis,3
Plantae,Tracheophyta,Magnoliopsida,Brassicales,Brassicaceae,Goldbachia,Goldbachia ikonnikovii,4
Plantae,Tracheophyta,Magnoliopsida,Brassicales,Brassicaceae,Heliophila,Heliophila concatenata,30
Plantae,Tracheophyta,Magnoliopsida,Brassicales,Brassicaceae,Heliophila,Heliophila pusilla,209
Plantae,Tracheophyta,Magnoliopsida,Brassicales,Brassicaceae,Leavenworthia,Leavenworthia stylosa,247
Plantae,Tracheophyta,Magnoliopsida,Brassicales,Brassicaceae,Lepidium,Lepidium apetalum,169
Plantae,Tracheophyta,Magnoliopsida,Brassicales,Brassicaceae,Lobularia,Lobularia canariensis,266
Plantae,Tracheophyta,Magnoliopsida,Brassicales,Brassicaceae,Nerisyrenia,Nerisyrenia hypercorax,7
Plantae,Tracheophyta,Magnoliopsida,Brassicales,Brassicaceae,Notoceras,Notoceras bicorne,67
Plantae,Tracheophyta,Magnoliopsida,Brassicales,Brassicaceae,Physaria,Physaria calcicola,9
Plantae,Tracheophyta,Magnoliopsida,Brassicales,Brassicaceae,Physaria,Physaria schaffneri,6
Plantae,Tracheophyta,Magnoliopsida,Brassicales,Brassicaceae,Teesdalia,Teesdalia conferta,6
Plantae,Tracheophyta,Magnoliopsida,Brassicales,Capparaceae,Capparidastrum,Capparidastrum petiolare,17
Plantae,Tracheophyta,Magnoliopsida,Brassicales,Capparaceae,Capparis,Capparis ornans,6
Plantae,Tracheophyta,Magnoliopsida,Brassicales,Capparaceae,Capparis,Capparis spinosa,3145
Plantae,Tracheophyta,Magnoliopsida,Brassicales,Capparaceae,Quadrella,Quadrella ferruginea,8
Plantae,Tracheophyta,Magnoliopsida,Brassicales,Resedaceae,Randonia,Randonia africana,6
Plantae,Tracheophyta,Magnoliopsida,Brassicales,Resedaceae,Reseda,Reseda virgata,6
Plantae,Tracheophyta,Magnoliopsida,Brassicales,Setchellanthaceae,Setchellanthus,Setchellanthus caeruleus,4
Plantae,Tracheophyta,Magnoliopsida,Brassicales,Tropaeolaceae,Tropaeolum,Tropaeolum emarginatum,29
Plantae,Tracheophyta,Magnoliopsida,Brassicales,Tropaeolaceae,Tropaeolum,Tropaeolum leptophyllum,19
Plantae,Tracheophyta,Magnoliopsida,Buxales,Buxaceae,Buxus,Buxus sempervirens,1615
Plantae,Tracheophyta,Magnoliopsida,Canellales,Winteraceae,Zygogynum,Zygogynum semecarpoides,10
Plantae,Tracheophyta,Magnoliopsida,Caryophyllales,Aizoaceae,Antimima,Antimima androsacea,5
Plantae,Tracheophyta,Magnoliopsida,Caryophyllales,Aizoaceae,Carpobrotus,Carpobrotus rossii,529
Plantae,Tracheophyta,Magnoliopsida,Caryophyllales,Aizoaceae,Cheiridopsis,Cheiridopsis turbinata,12
Plantae,Tracheophyta,Magnoliopsida,Caryophyllales,Aizoaceae,Delosperma,Delosperma basuticum,30
Plantae,Tracheophyta,Magnoliopsida,Caryophyllales,Aizoaceae,Delosperma,Delosperma crassuloides,21
Plantae,Tracheophyta,Magnoliopsida,Caryophyllales,Aizoaceae,Drosanthemum,Drosanthemum bicolor,108
Plantae,Tracheophyta,Magnoliopsida,Caryophyllales,Aizoaceae,Drosanthemum,Drosanthemum curtophyllum,12
Plantae,Tracheophyta,Magnoliopsida,Caryophyllales,Aizoaceae,Mesembryanthemum,Mesembryanthemum inachabense,23
Plantae,Tracheophyta,Magnoliopsida,Caryophyllales,Aizoaceae,Mitrophyllum,Mitrophyllum clivorum,21
Plantae,Tracheophyta,Magnoliopsida,Caryophyllales,Aizoaceae,Octopoma,Octopoma tanquanum,14
Plantae,Tracheophyta,Magnoliopsida,Caryophyllales,Aizoaceae,Ruschia,Ruschia cymbifolia,73
Plantae,Tracheophyta,Magnoliopsida,Caryophyllales,Aizoaceae,Ruschia,Ruschia pauciflora,6
Plantae,Tracheophyta,Magnoliopsida,Caryophyllales,Aizoaceae,Trichodiadema,Trichodiadema olivaceum,9
Plantae,Tracheophyta,Magnoliopsida,Caryophyllales,Amaranthaceae,Allenrolfea,Allenrolfea vaginata,34
Plantae,Tracheophyta,Magnoliopsida,Caryophyllales,Amaranthaceae,Anabasis,Anabasis eriopoda,4
Plantae,Tracheophyta,Magnoliopsida,Caryophyllales,Amaranthaceae,Beta,Beta macrorhiza,10
Plantae,Tracheophyta,Magnoliopsida,Caryophyllales,Amaranthaceae,Corispermum,Corispermum intermedium,9
Plantae,Tracheophyta,Magnoliopsida,Caryophyllales,Amaranthaceae,Digera,Digera muricata,37
Plantae,Tracheophyta,Magnoliopsida,Caryophyllales,Amaranthaceae,Nitrosalsola,Nitrosalsola dendroides,13
Plantae,Tracheophyta,Magnoliopsida,Caryophyllales,Cactaceae,Echinocereus,Echinocereus dasyacanthus,4567
Plantae,Tracheophyta,Magnoliopsida,Caryophyllales,Cactaceae,Echinopsis,Echinopsis chiloensis,984
Plantae,Tracheophyta,Magnoliopsida,Caryophyllales,Cactaceae,Echinopsis,Echinopsis clavatus,14
Plantae,Tracheophyta,Magnoliopsida,Caryophyllales,Cactaceae,Espostoa,Espostoa frutescens,2
Plantae,Tracheophyta,Magnoliopsida,Caryophyllales,Cactaceae,Gymnocalycium,Gymnocalycium calochlorum,6
Plantae,Tracheophyta,Magnoliopsida,Caryophyllales,Cactaceae,Harrisia,Harrisia pomanensis,120
Plantae,Tracheophyta,Magnoliopsida,Caryophyllales,Cactaceae,Mammillaria,Mammillaria guerreronis,2
Plantae,Tracheophyta,Magnoliopsida,Caryophyllales,Cactaceae,Mammillaria,Mammillaria sphaerica,125
Plantae,Tracheophyta,Magnoliopsida,Caryophyllales,Cactaceae,Melocactus,Melocactus andinus,10
Plantae,Tracheophyta,Magnoliopsida,Caryophyllales,Cactaceae,Opuntia,Opuntia decumbens,1004
Plantae,Tracheophyta,Magnoliopsida,Caryophyllales,Cactaceae,Pachycereus,Pachycereus militaris,29
Plantae,Tracheophyta,Magnoliopsida,Caryophyllales,Cactaceae,Parodia,Parodia hegeri,3
Plantae,Tracheophyta,Magnoliopsida,Caryophyllales,Cactaceae,Parodia,Parodia schumanniana,4
Plantae,Tracheophyta,Magnoliopsida,Caryophyllales,Cactaceae,Pilosocereus,Pilosocereus floccosus,6
Plantae,Tracheophyta,Magnoliopsida,Caryophyllales,Cactaceae,Rebutia,Rebutia fidana,51
Plantae,Tracheophyta,Magnoliopsida,Caryophyllales,Cactaceae,Stenocereus,Stenocereus alamosensis,546
Plantae,Tracheophyta,Magnoliopsida,Caryophyllales,Caryophyllaceae,Arenaria,Arenaria rivularis,15
Plantae,Tracheophyta,Magnoliopsida,Caryophyllales,Caryophyllaceae,Dianthus,Dianthus japonicus,6
Plantae,Tracheophyta,Magnoliopsida,Caryophyllales,Caryophyllaceae,Eremogone,Eremogone biebersteinii,84
Plantae,Tracheophyta,Magnoliopsida,Caryophyllales,Caryophyllaceae,Gypsophila,Gypsophila repens,670
Plantae,Tracheophyta,Magnoliopsida,Caryophyllales,Caryophyllaceae,Polycarpaea,Polycarpaea repens,7
Plantae,Tracheophyta,Magnoliopsida,Caryophyllales,Caryophyllaceae,Sabulina,Sabulina caespitosa,12
Plantae,Tracheophyta,Magnoliopsida,Caryophyllales,Caryophyllaceae,Silene,Silene kuschakewiczii,4
Plantae,Tracheophyta,Magnoliopsida,Caryophyllales,Caryophyllaceae,Silene,Silene virginica,6638
Plantae,Tracheophyta,Magnoliopsida,Caryophyllales,Droseraceae,Drosera,Drosera aurantiaca,9
Plantae,Tracheophyta,Magnoliopsida,Caryophyllales,Droseraceae,Drosera,Drosera lowriei,9
Plantae,Tracheophyta,Magnoliopsida,Caryophyllales,Montiaceae,Claytonia,Claytonia parviflora,1195
Plantae,Tracheophyta,Magnoliopsida,Caryophyllales,Montiaceae,Lewisia,Lewisia leeana,232
Plantae,Tracheophyta,Magnoliopsida,Caryophyllales,Montiaceae,Montia,Montia dichotoma,52
Plantae,Tracheophyta,Magnoliopsida,Caryophyllales,Montiaceae,Philippiamra,Philippiamra arancioana,3
Plantae,Tracheophyta,Magnoliopsida,Caryophyllales,Nepenthaceae,Nepenthes,Nepenthes ventricosa,7
Plantae,Tracheophyta,Magnoliopsida,Caryophyllales,Nyctaginaceae,Mirabilis,Mirabilis laevis,10545
Plantae,Tracheophyta,Magnoliopsida,Caryophyllales,Nyctaginaceae,Mirabilis,Mirabilis viscosa,677
Plantae,Tracheophyta,Magnoliopsida,Caryophyllales,Phytolaccaceae,Phytolacca,Phytolacca dioica,1011
Plantae,Tracheophyta,Magnoliopsida,Caryophyllales,Phytolaccaceae,Phytolacca,Phytolacca dodecandra,40
Plantae,Tracheophyta,Magnoliopsida,Caryophyllales,Plumbaginaceae,Armeria,Armeria berlengensis,27
Plantae,Tracheophyta,Magnoliopsida,Caryophyllales,Plumbaginaceae,Limonium,Limonium angustebracteatum,9
Plantae,Tracheophyta,Magnoliopsida,Caryophyllales,Polygonaceae,Chorizanthe,Chorizanthe spinosa,75
Plantae,Tracheophyta,Magnoliopsida,Caryophyllales,Polygonaceae,Coccoloba,Coccoloba montana,2
Plantae,Tracheophyta,Magnoliopsida,Caryophyllales,Polygonaceae,Eriogonum,Eriogonum annuum,652
Plantae,Tracheophyta,Magnoliopsida,Caryophyllales,Polygonaceae,Eriogonum,Eriogonum shockleyi,247
Plantae,Tracheophyta,Magnoliopsida,Caryophyllales,Polygonaceae,Oxygonum,Oxygonum dregeanum,84
Plantae,Tracheophyta,Magnoliopsida,Caryophyllales,Polygonaceae,Persicaria,Persicaria capitata,4542
Plantae,Tracheophyta,Magnoliopsida,Caryophyllales,Polygonaceae,Persicaria,Persicaria thunbergii,239
Plantae,Tracheophyta,Magnoliopsida,Caryophyllales,Polygonaceae,Polygonum,Polygonum arenastrum,839
Plantae,Tracheophyta,Magnoliopsida,Caryophyllales,Polygonaceae,Rumex,Rumex hastatulus,976
Plantae,Tracheophyta,Magnoliopsida,Caryophyllales,Polygonaceae,Rumex,Rumex pallidus,32
Plantae,Tracheophyta,Magnoliopsida,Caryophyllales,Portulacaceae,Portulaca,Portulaca philippii,6
Plantae,Tracheophyta,Magnoliopsida,Celastrales,Celastraceae,Crossopetalum,Crossopetalum gaumeri,12
Plantae,Tracheophyta,Magnoliopsida,Celastrales,Celastraceae,Euonymus,Euonymus australiana,17
Plantae,Tracheophyta,Magnoliopsida,Celastrales,Celastraceae,Euonymus,Euonymus obovatus,1859
Plantae,Tracheophyta,Magnoliopsida,Celastrales,Celastraceae,Robsonodendron,Robsonodendron eucleiforme,163
Plantae,Tracheophyta,Magnoliopsida,Cornales,Hydrangeaceae,Hydrangea,Hydrangea viburnoides,370
Plantae,Tracheophyta,Magnoliopsida,Cornales,Hydrangeaceae,Philadelphus,Philadelphus satsumi,6
Plantae,Tracheophyta,Magnoliopsida,Cornales,Loasaceae,Gronovia,Gronovia longiflora,7
Plantae,Tracheophyta,Magnoliopsida,Cornales,Loasaceae,Mentzelia,Mentzelia involucrata,2579
Plantae,Tracheophyta,Magnoliopsida,Cucurbitales,Begoniaceae,Begonia,Begonia comorensis,3
Plantae,Tracheophyta,Magnoliopsida,Cucurbitales,Begoniaceae,Begonia,Begonia homonyma,15
Plantae,Tracheophyta,Magnoliopsida,Dilleniales,Dilleniaceae,Hibbertia,Hibbertia inclusa,20
Plantae,Tracheophyta,Magnoliopsida,Dilleniales,Dilleniaceae,Hibbertia,Hibbertia racemosa,118
Plantae,Tracheophyta,Magnoliopsida,Dipsacales,Caprifoliaceae,Abelia,Abelia chinensis,87
Plantae,Tracheophyta,Magnoliopsida,Dipsacales,Caprifoliaceae,Cephalaria,Cephalaria gigantea,319
Plantae,Tracheophyta,Magnoliopsida,Dipsacales,Caprifoliaceae,Lonicera,Lonicera caerulea,1989
Plantae,Tracheophyta,Magnoliopsida,Dipsacales,Caprifoliaceae,Valeriana,Valeriana dioscoridis,118
Plantae,Tracheophyta,Magnoliopsida,Dipsacales,Caprifoliaceae,Valeriana,Valeriana officinalis,9893
Plantae,Tracheophyta,Magnoliopsida,Ericales,Balsaminaceae,Impatiens,Impatiens bracteata,3
Plantae,Tracheophyta,Magnoliopsida,Ericales,Ebenaceae,Diospyros,Diospyros bernieriana,14
Plantae,Tracheophyta,Magnoliopsida,Ericales,Ebenaceae,Diospyros,Diospyros guianensis,9
Plantae,Tracheophyta,Magnoliopsida,Ericales,Ebenaceae,Euclea,Euclea sekhukhuniensis,8
Plantae,Tracheophyta,Magnoliopsida,Ericales,Ericaceae,Acrotriche,Acrotriche cordata,26
Plantae,Tracheophyta,Magnoliopsida,Ericales,Ericaceae,Cavendishia,Cavendishia nitens,2
Plantae,Tracheophyta,Magnoliopsida,Ericales,Ericaceae,Erica,Erica cyrilliflora,11
Plantae,Tracheophyta,Magnoliopsida,Ericales,Ericaceae,Erica,Erica distorta,114
Plantae,Tracheophyta,Magnoliopsida,Ericales,Ericaceae,Erica,Erica flavicoma,4
Plantae,Tracheophyta,Magnoliopsida,Ericales,Ericaceae,Erica,Erica karwyderi,11
Plantae,Tracheophyta,Magnoliopsida,Ericales,Ericaceae,Erica,Erica leucodesmia,3
Plantae,Tracheophyta,Magnoliopsida,Ericales,Ericaceae,Erica,Erica nabea,208
Plantae,Tracheophyta,Magnoliopsida,Ericales,Ericaceae,Erica,Erica omninoglabra,12
Plantae,Tracheophyta,Magnoliopsida,Ericales,Ericaceae,Erica,Erica quadrifida,6
Plantae,Tracheophyta,Magnoliopsida,Ericales,Ericaceae,Erica,Erica tenuicaulis,6
Plantae,Tracheophyta,Magnoliopsida,Ericales,Ericaceae,Gaultheria,Gaultheria racemulosa,7
Plantae,Tracheophyta,Magnoliopsida,Ericales,Ericaceae,Leucopogon,Leucopogon collinus,51
Plantae,Tracheophyta,Magnoliopsida,Ericales,Ericaceae,Pyrola,Pyrola grandiflora,531
Plantae,Tracheophyta,Magnoliopsida,Ericales,Ericaceae,Vaccinium,Vaccinium scoparium,860
Plantae,Tracheophyta,Magnoliopsida,Ericales,Marcgraviaceae,Marcgravia,Marcgravia sintenisii,52
Plantae,Tracheophyta,Magnoliopsida,Ericales,Polemoniaceae,Ipomopsis,Ipomopsis effusa,117
Plantae,Tracheophyta,Magnoliopsida,Ericales,Polemoniaceae,Leptosiphon,Leptosiphon lemmonii,251
Plantae,Tracheophyta,Magnoliopsida,Ericales,Polemoniaceae,Maculigilia,Maculigilia maculata,237
Plantae,Tracheophyta,Magnoliopsida,Ericales,Primulaceae,Lysimachia,Lysimachia europaea,6979
Plantae,Tracheophyta,Magnoliopsida,Ericales,Primulaceae,Myrsine,Myrsine knudsenii,11
Plantae,Tracheophyta,Magnoliopsida,Ericales,Primulaceae,Primula,Primula aureata,10
Plantae,Tracheophyta,Magnoliopsida,Ericales,Primulaceae,Primula,Primula carniolica,29
Plantae,Tracheophyta,Magnoliopsida,Ericales,Primulaceae,Primula,Primula rosea,4
Plantae,Tracheophyta,Magnoliopsida,Ericales,Primulaceae,Primula,Primula scandinavica,30
Plantae,Tracheophyta,Magnoliopsida,Ericales,Primulaceae,Primula,Primula scotica,31
Plantae,Tracheophyta,Magnoliopsida,Ericales,Sapotaceae,Diploknema,Diploknema butyracea,7
Plantae,Tracheophyta,Magnoliopsida,Ericales,Sapotaceae,Sideroxylon,Sideroxylon occidentale,23
Plantae,Tracheophyta,Magnoliopsida,Ericales,Sarraceniaceae,Sarracenia,Sarracenia psittacina,978
Plantae,Tracheophyta,Magnoliopsida,Ericales,Sarraceniaceae,Sarracenia,Sarracenia rosea,556
Plantae,Tracheophyta,Magnoliopsida,Ericales,Styracaceae,Styrax,Styrax suberifolius,459
Plantae,Tracheophyta,Magnoliopsida,Ericales,Symplocaceae,Symplocos,Symplocos wooroonooran,15
Plantae,Tracheophyta,Magnoliopsida,Escalloniales,Escalloniaceae,Escallonia,Escallonia serrata,17
Plantae,Tracheophyta,Magnoliopsida,Fabales,Fabaceae,Acacia,Acacia chinchillensis,10
Plantae,Tracheophyta,Magnoliopsida,Fabales,Fabaceae,Acacia,Acacia leiophylla,3
Plantae,Tracheophyta,Magnoliopsida,Fabales,Fabaceae,Acacia,Acacia oxycedrus,781
Plantae,Tracheophyta,Magnoliopsida,Fabales,Fabaceae,Adesmia,Adesmia bicolor,8
Plantae,Tracheophyta,Magnoliopsida,Fabales,Fabaceae,Adesmia,Adesmia boronioides,200
Plantae,Tracheophyta,Magnoliopsida,Fabales,Fabaceae,Adesmia,Adesmia spinosissima,5
Plantae,Tracheophyta,Magnoliopsida,Fabales,Fabaceae,Albizia,Albizia adianthifolia,644
Plantae,Tracheophyta,Magnoliopsida,Fabales,Fabaceae,Alysicarpus,Alysicarpus monilifer,13
Plantae,Tracheophyta,Magnoliopsida,Fabales,Fabaceae,Alysicarpus,Alysicarpus vaginalis,1354
Plantae,Tracheophyta,Magnoliopsida,Fabales,Fabaceae,Amorpha,Amorpha glabra,30
Plantae,Tracheophyta,Magnoliopsida,Fabales,Fabaceae,Arachis,Arachis villosa,12
Plantae,Tracheophyta,Magnoliopsida,Fabales,Fabaceae,Argyrolobium,Argyrolobium robustum,57
Plantae,Tracheophyta,Magnoliopsida,Fabales,Fabaceae,Aspalathus,Aspalathus crassisepala,228
Plantae,Tracheophyta,Magnoliopsida,Fabales,Fabaceae,Aspalathus,Aspalathus usnoides,27
Plantae,Tracheophyta,Magnoliopsida,Fabales,Fabaceae,Astragalus,Astragalus desereticus,24
Plantae,Tracheophyta,Magnoliopsida,Fabales,Fabaceae,Astragalus,Astragalus distortus,372
Plantae,Tracheophyta,Magnoliopsida,Fabales,Fabaceae,Astragalus,Astragalus haesitabundus,20
Plantae,Tracheophyta,Magnoliopsida,Fabales,Fabaceae,Astragalus,Astragalus karelinianus,10
Plantae,Tracheophyta,Magnoliopsida,Fabales,Fabaceae,Astragalus,Astragalus macrocarpus,59
Plantae,Tracheophyta,Magnoliopsida,Fabales,Fabaceae,Astragalus,Astragalus storozhevae,7
Plantae,Tracheophyta,Magnoliopsida,Fabales,Fabaceae,Astragalus,Astragalus terminalis,6
Plantae,Tracheophyta,Magnoliopsida,Fabales,Fabaceae,Astragalus,Astragalus tridactylicus,178
Plantae,Tracheophyta,Magnoliopsida,Fabales,Fabaceae,Brongniartia,Brongniartia lupinoides,23
Plantae,Tracheophyta,Magnoliopsida,Fabales,Fabaceae,Calliandra,Calliandra foliolosa,7
Plantae,Tracheophyta,Magnoliopsida,Fabales,Fabaceae,Chamaecrista,Chamaecrista rotundifolia,312
Plantae,Tracheophyta,Magnoliopsida,Fabales,Fabaceae,Dalbergia,Dalbergia ovalis,9
Plantae,Tracheophyta,Magnoliopsida,Fabales,Fabaceae,Dalbergia,Dalbergia suaresensis,13
Plantae,Tracheophyta,Magnoliopsida,Fabales,Fabaceae,Daviesia,Daviesia laxiflora,7
Plantae,Tracheophyta,Magnoliopsida,Fabales,Fabaceae,Delonix,Delonix edule,4
Plantae,Tracheophyta,Magnoliopsida,Fabales,Fabaceae,Desmodium,Desmodium canadense,2807
Plantae,Tracheophyta,Magnoliopsida,Fabales,Fabaceae,Eriosema,Eriosema distinctum,124
Plantae,Tracheophyta,Magnoliopsida,Fabales,Fabaceae,Erythrina,Erythrina herbacea,5582
Plantae,Tracheophyta,Magnoliopsida,Fabales,Fabaceae,Genista,Genista depressa,13
Plantae,Tracheophyta,Magnoliopsida,Fabales,Fabaceae,Glycyrrhiza,Glycyrrhiza triphylla,3
Plantae,Tracheophyta,Magnoliopsida,Fabales,Fabaceae,Hedysarum,Hedysarum dahuricum,4
Plantae,Tracheophyta,Magnoliopsida,Fabales,Fabaceae,Indigastrum,Indigastrum fastigiatum,13
Plantae,Tracheophyta,Magnoliopsida,Fabales,Fabaceae,Indigofera,Indigofera georgei,21
Plantae,Tracheophyta,Magnoliopsida,Fabales,Fabaceae,Indigofera,Indigofera triquetra,22
Plantae,Tracheophyta,Magnoliopsida,Fabales,Fabaceae,Indigofera,Indigofera vicioides,51
Plantae,Tracheophyta,Magnoliopsida,Fabales,Fabaceae,Inga,Inga multijuga,20
Plantae,Tracheophyta,Magnoliopsida,Fabales,Fabaceae,Kennedia,Kennedia carinata,16
Plantae,Tracheophyta,Magnoliopsida,Fabales,Fabaceae,Kennedia,Kennedia rubicunda,1554
Plantae,Tracheophyta,Magnoliopsida,Fabales,Fabaceae,Lathyrus,Lathyrus humilis,733
Plantae,Tracheophyta,Magnoliopsida,Fabales,Fabaceae,Lathyrus,Lathyrus pallescens,140
Plantae,Tracheophyta,Magnoliopsida,Fabales,Fabaceae,Lespedeza,Lespedeza leptostachya,111
Plantae,Tracheophyta,Magnoliopsida,Fabales,Fabaceae,Liparia,Liparia latifolia,18
Plantae,Tracheophyta,Magnoliopsida,Fabales,Fabaceae,Lotus,Lotus ornithopodioides,246
Plantae,Tracheophyta,Magnoliopsida,Fabales,Fabaceae,Lotus,Lotus pedunculatus,3034
Plantae,Tracheophyta,Magnoliopsida,Fabales,Fabaceae,Lotus,Lotus rectus,198
Plantae,Tracheophyta,Magnoliopsida,Fabales,Fabaceae,Medicago,Medicago marina,857
Plantae,Tracheophyta,Magnoliopsida,Fabales,Fabaceae,Millettia,Millettia pulchra,20
Plantae,Tracheophyta,Magnoliopsida,Fabales,Fabaceae,Mimosa,Mimosa scabrella,10
Plantae,Tracheophyta,Magnoliopsida,Fabales,Fabaceae,Onobrychis,Onobrychis pyrenaica,5
Plantae,Tracheophyta,Magnoliopsida,Fabales,Fabaceae,Ononis,Ononis tournefortii,4
Plantae,Tracheophyta,Magnoliopsida,Fabales,Fabaceae,Ormosia,Ormosia monosperma,5
Plantae,Tracheophyta,Magnoliopsida,Fabales,Fabaceae,Oxytropis,Oxytropis huddelsonii,31
Plantae,Tracheophyta,Magnoliopsida,Fabales,Fabaceae,Oxytropis,Oxytropis squammulosa,42
Plantae,Tracheophyta,Magnoliopsida,Fabales,Fabaceae,Platylobium,Platylobium rotundum,19
Plantae,Tracheophyta,Magnoliopsida,Fabales,Fabaceae,Prosopis,Prosopis alba,347
Plantae,Tracheophyta,Magnoliopsida,Fabales,Fabaceae,Prosopis,Prosopis pallida,523
Plantae,Tracheophyta,Magnoliopsida,Fabales,Fabaceae,Pultenaea,Pultenaea villifera,31
Plantae,Tracheophyta,Magnoliopsida,Fabales,Fabaceae,Pultenaea,Pultenaea villosa,416
Plantae,Tracheophyta,Magnoliopsida,Fabales,Fabaceae,Saraca,Saraca declinata,28
Plantae,Tracheophyta,Magnoliopsida,Fabales,Fabaceae,Sophora,Sophora inhambanensis,14
Plantae,Tracheophyta,Magnoliopsida,Fabales,Fabaceae,Spatholobus,Spatholobus parviflorus,10
Plantae,Tracheophyta,Magnoliopsida,Fabales,Fabaceae,Strongylodon,Strongylodon madagascariensis,40
Plantae,Tracheophyta,Magnoliopsida,Fabales,Fabaceae,Swainsona,Swainsona canescens,4
Plantae,Tracheophyta,Magnoliopsida,Fabales,Fabaceae,Swartzia,Swartzia simplex,100
Plantae,Tracheophyta,Magnoliopsida,Fabales,Fabaceae,Thermopsis,Thermopsis californica,1599
Plantae,Tracheophyta,Magnoliopsida,Fabales,Fabaceae,Thermopsis,Thermopsis robusta,34
Plantae,Tracheophyta,Magnoliopsida,Fabales,Fabaceae,Trigonella,Trigonella coerulescens,18
Plantae,Tracheophyta,Magnoliopsida,Fabales,Fabaceae,Vicia,Vicia abbreviata,53
Plantae,Tracheophyta,Magnoliopsida,Fabales,Fabaceae,Vicia,Vicia alpestris,50
Plantae,Tracheophyta,Magnoliopsida,Fabales,Fabaceae,Vicia,Vicia dalmatica,20
Plantae,Tracheophyta,Magnoliopsida,Fabales,Fabaceae,Xiphotheca,Xiphotheca canescens,14
Plantae,Tracheophyta,Magnoliopsida,Fabales,Fabaceae,Zuccagnia,Zuccagnia punctata,173
Plantae,Tracheophyta,Magnoliopsida,Fabales,Polygalaceae,Muraltia,Muraltia cliffortiifolia,34
Plantae,Tracheophyta,Magnoliopsida,Fabales,Polygalaceae,Polygala,Polygala alpina,4
Plantae,Tracheophyta,Magnoliopsida,Fabales,Polygalaceae,Polygala,Polygala senensis,12
Plantae,Tracheophyta,Magnoliopsida,Fagales,Betulaceae,Alnus,Alnus oblongifolia,99
Plantae,Tracheophyta,Magnoliopsida,Fagales,Betulaceae,Betula,Betula glandulosa,946
Plantae,Tracheophyta,Magnoliopsida,Fagales,Betulaceae,Betula,Betula pendula,21092
Plantae,Tracheophyta,Magnoliopsida,Fagales,Casuarinaceae,Allocasuarina,Allocasuarina luehmannii,298
Plantae,Tracheophyta,Magnoliopsida,Fagales,Fagaceae,Castanea,Castanea sativa,7594
Plantae,Tracheophyta,Magnoliopsida,Fagales,Fagaceae,Quercus,Quercus ashei,7
Plantae,Tracheophyta,Magnoliopsida,Fagales,Fagaceae,Quercus,Quercus jonesii,71
Plantae,Tracheophyta,Magnoliopsida,Fagales,Fagaceae,Quercus,Quercus tomentella,252
Plantae,Tracheophyta,Magnoliopsida,Fagales,Nothofagaceae,Nothofagus,Nothofagus menziesii,886
Plantae,Tracheophyta,Magnoliopsida,Gentianales,Apocynaceae,Anisotoma,Anisotoma cordifolia,8
Plantae,Tracheophyta,Magnoliopsida,Gentianales,Apocynaceae,Asclepias,Asclepias subulata,2752
Plantae,Tracheophyta,Magnoliopsida,Gentianales,Apocynaceae,Aspidonepsis,Aspidonepsis reenensis,6
Plantae,Tracheophyta,Magnoliopsida,Gentianales,Apocynaceae,Aspidosperma,Aspidosperma discolor,8
Plantae,Tracheophyta,Magnoliopsida,Gentianales,Apocynaceae,Aspidosperma,Aspidosperma tomentosum,5
Plantae,Tracheophyta,Magnoliopsida,Gentianales,Apocynaceae,Ceropegia,Ceropegia flavida,5
Plantae,Tracheophyta,Magnoliopsida,Gentianales,Apocynaceae,Ceropegia,Ceropegia longidens,4
Plantae,Tracheophyta,Magnoliopsida,Gentianales,Apocynaceae,Ceropegia,Ceropegia occulta,15
Plantae,Tracheophyta,Magnoliopsida,Gentianales,Apocynaceae,Ceropegia,Ceropegia woodii,10
Plantae,Tracheophyta,Magnoliopsida,Gentianales,Apocynaceae,Gymnema,Gymnema pleiadenium,20
Plantae,Tracheophyta,Magnoliopsida,Gentianales,Apocynaceae,Haplophyton,Haplophyton cimicidum,127
Plantae,Tracheophyta,Magnoliopsida,Gentianales,Apocynaceae,Leichhardtia,Leichhardtia coronata,76
Plantae,Tracheophyta,Magnoliopsida,Gentianales,Apocynaceae,Matelea,Matelea atrostellata,8
Plantae,Tracheophyta,Magnoliopsida,Gentianales,Apocynaceae,Matelea,Matelea cervantesii,3
Plantae,Tracheophyta,Magnoliopsida,Gentianales,Apocynaceae,Oxypetalum,Oxypetalum banksii,59
Plantae,Tracheophyta,Magnoliopsida,Gentianales,Apocynaceae,Petchia,Petchia erythrocarpa,70
Plantae,Tracheophyta,Magnoliopsida,Gentianales,Apocynaceae,Tabernaemontana,Tabernaemontana calcarea,5
Plantae,Tracheophyta,Magnoliopsida,Gentianales,Apocynaceae,Vinca,Vinca difformis,1346
Plantae,Tracheophyta,Magnoliopsida,Gentianales,Apocynaceae,Vincetoxicum,Vincetoxicum polyanthum,7
Plantae,Tracheophyta,Magnoliopsida,Gentianales,Gentianaceae,Gentiana,Gentiana alba,1122
Plantae,Tracheophyta,Magnoliopsida,Gentianales,Gentianaceae,Gentiana,Gentiana cruciata,2521
Plantae,Tracheophyta,Magnoliopsida,Gentianales,Gentianaceae,Gentiana,Gentiana nipponica,5
Plantae,Tracheophyta,Magnoliopsida,Gentianales,Gentianaceae,Gentiana,Gentiana pyrenaica,341
Plantae,Tracheophyta,Magnoliopsida,Gentianales,Gentianaceae,Gentianella,Gentianella cerastioides,394
Plantae,Tracheophyta,Magnoliopsida,Gentianales,Rubiaceae,Amphidasya,Amphidasya longicalycina,3
Plantae,Tracheophyta,Magnoliopsida,Gentianales,Rubiaceae,Asperula,Asperula pubescens,6
Plantae,Tracheophyta,Magnoliopsida,Gentianales,Rubiaceae,Atractocarpus,Atractocarpus stipularis,3
Plantae,Tracheophyta,Magnoliopsida,Gentianales,Rubiaceae,Bouvardia,Bouvardia laevis,33
Plantae,Tracheophyta,Magnoliopsida,Gentianales,Rubiaceae,Canthium,Canthium suberosum,63
Plantae,Tracheophyta,Magnoliopsida,Gentianales,Rubiaceae,Coffea,Coffea grevei,5
Plantae,Tracheophyta,Magnoliopsida,Gentianales,Rubiaceae,Cruckshanksia,Cruckshanksia macrantha,5
Plantae,Tracheophyta,Magnoliopsida,Gentianales,Rubiaceae,Empogona,Empogona coriacea,128
Plantae,Tracheophyta,Magnoliopsida,Gentianales,Rubiaceae,Galianthe,Galianthe bogotensis,52
Plantae,Tracheophyta,Magnoliopsida,Gentianales,Rubiaceae,Galium,Galium echinocarpum,194
Plantae,Tracheophyta,Magnoliopsida,Gentianales,Rubiaceae,Gardenia,Gardenia aubryi,44
Plantae,Tracheophyta,Magnoliopsida,Gentianales,Rubiaceae,Gardenia,Gardenia sambiranensis,12
Plantae,Tracheophyta,Magnoliopsida,Gentianales,Rubiaceae,Gardenia,Gardenia urvillei,50
Plantae,Tracheophyta,Magnoliopsida,Gentianales,Rubiaceae,Geophila,Geophila macropoda,37
Plantae,Tracheophyta,Magnoliopsida,Gentianales,Rubiaceae,Hamelia,Hamelia cuprea,7
Plantae,Tracheophyta,Magnoliopsida,Gentianales,Rubiaceae,Houstonia,Houstonia ouachitana,21
Plantae,Tracheophyta,Magnoliopsida,Gentianales,Rubiaceae,Kadua,Kadua fluviatilis,13
Plantae,Tracheophyta,Magnoliopsida,Gentianales,Rubiaceae,Myrmecodia,Myrmecodia platytyrea,28
Plantae,Tracheophyta,Magnoliopsida,Gentianales,Rubiaceae,Oldenlandia,Oldenlandia corymbosa,2988
Plantae,Tracheophyta,Magnoliopsida,Gentianales,Rubiaceae,Palicourea,Palicourea concinna,5
Plantae,Tracheophyta,Magnoliopsida,Gentianales,Rubiaceae,Palicourea,Palicourea urceolata,35
Plantae,Tracheophyta,Magnoliopsida,Gentianales,Rubiaceae,Pavetta,Pavetta lanceolata,145
Plantae,Tracheophyta,Magnoliopsida,Gentianales,Rubiaceae,Randia,Randia echinocarpa,181
Plantae,Tracheophyta,Magnoliopsida,Gentianales,Rubiaceae,Rubia,Rubia truppeliana,5
Plantae,Tracheophyta,Magnoliopsida,Gentianales,Rubiaceae,Thiollierea,Thiollierea campanulata,7
Plantae,Tracheophyta,Magnoliopsida,Geraniales,Geraniaceae,Erodium,Erodium nervulosum,6
Plantae,Tracheophyta,Magnoliopsida,Geraniales,Geraniaceae,Erodium,Erodium trifolium,31
Plantae,Tracheophyta,Magnoliopsida,Geraniales,Geraniaceae,Geranium,Geranium argenteum,31
Plantae,Tracheophyta,Magnoliopsida,Geraniales,Geraniaceae,Geranium,Geranium procurrens,14
Plantae,Tracheophyta,Magnoliopsida,Geraniales,Geraniaceae,Monsonia,Monsonia ignorata,6
Plantae,Tracheophyta,Magnoliopsida,Geraniales,Geraniaceae,Pelargonium,Pelargonium aridicola,4
Plantae,Tracheophyta,Magnoliopsida,Geraniales,Geraniaceae,Pelargonium,Pelargonium bubonifolium,10
Plantae,Tracheophyta,Magnoliopsida,Geraniales,Geraniaceae,Pelargonium,Pelargonium cortusifolium,4
Plantae,Tracheophyta,Magnoliopsida,Geraniales,Geraniaceae,Pelargonium,Pelargonium elongatum,969
Plantae,Tracheophyta,Magnoliopsida,Geraniales,Geraniaceae,Pelargonium,Pelargonium radulifolium,90
Plantae,Tracheophyta,Magnoliopsida,Lamiales,Acanthaceae,Dicliptera,Dicliptera roxburghiana,7
Plantae,Tracheophyta,Magnoliopsida,Lamiales,Acanthaceae,Justicia,Justicia pectoralis,18
Plantae,Tracheophyta,Magnoliopsida,Lamiales,Acanthaceae,Justicia,Justicia periplocifolia,9
Plantae,Tracheophyta,Magnoliopsida,Lamiales,Acanthaceae,Lepidagathis,Lepidagathis stenophylla,9
Plantae,Tracheophyta,Magnoliopsida,Lamiales,Acanthaceae,Odontonema,Odontonema glabrum,8
Plantae,Tracheophyta,Magnoliopsida,Lamiales,Acanthaceae,Oplonia,Oplonia minor,15
Plantae,Tracheophyta,Magnoliopsida,Lamiales,Acanthaceae,Ruellia,Ruellia squarrosa,153
Plantae,Tracheophyta,Magnoliopsida,Lamiales,Bignoniaceae,Bignonia,Bignonia corymbosa,14
Plantae,Tracheophyta,Magnoliopsida,Lamiales,Bignoniaceae,Fridericia,Fridericia erubescens,5
Plantae,Tracheophyta,Magnoliopsida,Lamiales,Bignoniaceae,Fridericia,Fridericia florida,5
Plantae,Tracheophyta,Magnoliopsida,Lamiales,Bignoniaceae,Incarvillea,Incarvillea olgae,6
Plantae,Tracheophyta,Magnoliopsida,Lamiales,Bignoniaceae,Jacaranda,Jacaranda acutifolia,3
Plantae,Tracheophyta,Magnoliopsida,Lamiales,Bignoniaceae,Jacaranda,Jacaranda copaia,72
Plantae,Tracheophyta,Magnoliopsida,Lamiales,Bignoniaceae,Tanaecium,Tanaecium pyramidatum,18
Plantae,Tracheophyta,Magnoliopsida,Lamiales,Calceolariaceae,Calceolaria,Calceolaria weberbaueriana,6
Plantae,Tracheophyta,Magnoliopsida,Lamiales,Gesneriaceae,Besleria,Besleria flavovirens,31
Plantae,Tracheophyta,Magnoliopsida,Lamiales,Gesneriaceae,Episcia,Episcia sphalera,15
Plantae,Tracheophyta,Magnoliopsida,Lamiales,Gesneriaceae,Monopyle,Monopyle paniculata,6
Plantae,Tracheophyta,Magnoliopsida,Lamiales,Gesneriaceae,Rhabdothamnus,Rhabdothamnus solandri,920
Plantae,Tracheophyta,Magnoliopsida,Lamiales,Gesneriaceae,Streptocarpus,Streptocarpus montigena,14
Plantae,Tracheophyta,Magnoliopsida,Lamiales,Lamiaceae,Ajuga,Ajuga taiwanensis,391
Plantae,Tracheophyta,Magnoliopsida,Lamiales,Lamiaceae,Clerodendrum,Clerodendrum calamitosum,8
Plantae,Tracheophyta,Magnoliopsida,Lamiales,Lamiaceae,Clerodendrum,Clerodendrum tracyanum,10
Plantae,Tracheophyta,Magnoliopsida,Lamiales,Lamiaceae,Colquhounia,Colquhounia coccinea,46
Plantae,Tracheophyta,Magnoliopsida,Lamiales,Lamiaceae,Elsholtzia,Elsholtzia fruticosa,9
Plantae,Tracheophyta,Magnoliopsida,Lamiales,Lamiaceae,Endostemon,Endostemon obtusifolius,59
Plantae,Tracheophyta,Magnoliopsida,Lamiales,Lamiaceae,Lepechinia,Lepechinia floribunda,78
Plantae,Tracheophyta,Magnoliopsida,Lamiales,Lamiaceae,Mentha,Mentha aquatica,3996
Plantae,Tracheophyta,Magnoliopsida,Lamiales,Lamiaceae,Ovieda,Ovieda picardae,10
Plantae,Tracheophyta,Magnoliopsida,Lamiales,Lamiaceae,Prasium,Prasium majus,693
Plantae,Tracheophyta,Magnoliopsida,Lamiales,Lamiaceae,Pycnanthemum,Pycnanthemum incanum,308
Plantae,Tracheophyta,Magnoliopsida,Lamiales,Lamiaceae,Salvia,Salvia candicans,18
Plantae,Tracheophyta,Magnoliopsida,Lamiales,Lamiaceae,Salvia,Salvia carduacea,1265
Plantae,Tracheophyta,Magnoliopsida,Lamiales,Lamiaceae,Scutellaria,Scutellaria granulosa,3
Plantae,Tracheophyta,Magnoliopsida,Lamiales,Lamiaceae,Sideritis,Sideritis canariensis,16
Plantae,Tracheophyta,Magnoliopsida,Lamiales,Lamiaceae,Stachys,Stachys elliptica,34
Plantae,Tracheophyta,Magnoliopsida,Lamiales,Lamiaceae,Teucrium,Teucrium thymifolium,4
Plantae,Tracheophyta,Magnoliopsida,Lamiales,Lamiaceae,Thymus,Thymus roegneri,4
Plantae,Tracheophyta,Magnoliopsida,Lamiales,Lamiaceae,Vitex,Vitex leucoxylon,8
Plantae,Tracheophyta,Magnoliopsida,Lamiales,Lamiaceae,Westringia,Westringia rigida,321
Plantae,Tracheophyta,Magnoliopsida,Lamiales,Lentibulariaceae,Pinguicula,Pinguicula mesophytica,14
Plantae,Tracheophyta,Magnoliopsida,Lamiales,Lentibulariaceae,Utricularia,Utricularia uliginosa,268
Plantae,Tracheophyta,Magnoliopsida,Lamiales,Lentibulariaceae,Utricularia,Utricularia volubilis,7
Plantae,Tracheophyta,Magnoliopsida,Lamiales,Martyniaceae,Proboscidea,Proboscidea parviflora,760
Plantae,Tracheophyta,Magnoliopsida,Lamiales,Mazaceae,Mazus,Mazus radicans,196
Plantae,Tracheophyta,Magnoliopsida,Lamiales,Oleaceae,Forestiera,Forestiera shrevei,11
Plantae,Tracheophyta,Magnoliopsida,Lamiales,Oleaceae,Fraxinus,Fraxinus dipetala,1023
Plantae,Tracheophyta,Magnoliopsida,Lamiales,Oleaceae,Ligustrum,Ligustrum ovalifolium,878
Plantae,Tracheophyta,Magnoliopsida,Lamiales,Orobanchaceae,Aphyllon,Aphyllon validum,8
Plantae,Tracheophyta,Magnoliopsida,Lamiales,Orobanchaceae,Bungea,Bungea vesiculifera,3
Plantae,Tracheophyta,Magnoliopsida,Lamiales,Orobanchaceae,Buttonia,Buttonia superba,22
Plantae,Tracheophyta,Magnoliopsida,Lamiales,Orobanchaceae,Castilleja,Castilleja hyperborea,97
Plantae,Tracheophyta,Magnoliopsida,Lamiales,Orobanchaceae,Euphrasia,Euphrasia ossica,2
Plantae,Tracheophyta,Magnoliopsida,Lamiales,Orobanchaceae,Euphrasia,Euphrasia stricta,836
Plantae,Tracheophyta,Magnoliopsida,Lamiales,Orobanchaceae,Melampyrum,Melampyrum italicum,43
Plantae,Tracheophyta,Magnoliopsida,Lamiales,Orobanchaceae,Orobanche,Orobanche rigens,10
Plantae,Tracheophyta,Magnoliopsida,Lamiales,Orobanchaceae,Pedicularis,Pedicularis altaica,2
Plantae,Tracheophyta,Magnoliopsida,Lamiales,Orobanchaceae,Pedicularis,Pedicularis trichoglossa,15
Plantae,Tracheophyta,Magnoliopsida,Lamiales,Phrymaceae,Diplacus,Diplacus cusickioides,85
Plantae,Tracheophyta,Magnoliopsida,Lamiales,Phrymaceae,Erythranthe,Erythranthe hybrida,7
Plantae,Tracheophyta,Magnoliopsida,Lamiales,Phrymaceae,Erythranthe,Erythranthe veronicifolia,8
Plantae,Tracheophyta,Magnoliopsida,Lamiales,Phrymaceae,Hemichaena,Hemichaena coulteri,8
Plantae,Tracheophyta,Magnoliopsida,Lamiales,Plantaginaceae,Antirrhinum,Antirrhinum braun-blanquetii,69
Plantae,Tracheophyta,Magnoliopsida,Lamiales,Plantaginaceae,Chaenorhinum,Chaenorhinum origanifolium,288
Plantae,Tracheophyta,Magnoliopsida,Lamiales,Plantaginaceae,Nanorrhinum,Nanorrhinum acerbianum,9
Plantae,Tracheophyta,Magnoliopsida,Lamiales,Plantaginaceae,Penstemon,Penstemon canescens,391
Plantae,Tracheophyta,Magnoliopsida,Lamiales,Plantaginaceae,Penstemon,Penstemon pinorum,20
Plantae,Tracheophyta,Magnoliopsida,Lamiales,Plantaginaceae,Penstemon,Penstemon pseudospectabilis,475
Plantae,Tracheophyta,Magnoliopsida,Lamiales,Plantaginaceae,Penstemon,Penstemon teucrioides,6
Plantae,Tracheophyta,Magnoliopsida,Lamiales,Plantaginaceae,Pseudorontium,Pseudorontium cyathiferum,287
Plantae,Tracheophyta,Magnoliopsida,Lamiales,Plantaginaceae,Stemodia,Stemodia glabella,9
Plantae,Tracheophyta,Magnoliopsida,Lamiales,Plantaginaceae,Veronica,Veronica aphylla,195
Plantae,Tracheophyta,Magnoliopsida,Lamiales,Plantaginaceae,Veronica,Veronica bollonsii,13
Plantae,Tracheophyta,Magnoliopsida,Lamiales,Plantaginaceae,Veronica,Veronica sennenii,5
Plantae,Tracheophyta,Magnoliopsida,Lamiales,Plantaginaceae,Veronica,Veronica serpyllifolia,16025
Plantae,Tracheophyta,Magnoliopsida,Lamiales,Plantaginaceae,Veronica,Veronica strictissima,251
Plantae,Tracheophyta,Magnoliopsida,Lamiales,Scrophulariaceae,Buddleja,Buddleja skutchii,5
Plantae,Tracheophyta,Magnoliopsida,Lamiales,Scrophulariaceae,Scrophularia,Scrophularia auriculata,926
Plantae,Tracheophyta,Magnoliopsida,Lamiales,Scrophulariaceae,Scrophularia,Scrophularia californica,9609
Plantae,Tracheophyta,Magnoliopsida,Lamiales,Scrophulariaceae,Zaluzianskya,Zaluzianskya minima,6
Plantae,Tracheophyta,Magnoliopsida,Lamiales,Scrophulariaceae,Zaluzianskya,Zaluzianskya violacea,19
Plantae,Tracheophyta,Magnoliopsida,Lamiales,Stilbaceae,Nuxia,Nuxia gracilis,7
Plantae,Tracheophyta,Magnoliopsida,Lamiales,Verbenaceae,Junellia,Junellia erinacea,3
Plantae,Tracheophyta,Magnoliopsida,Lamiales,Verbenaceae,Stachytarpheta,Stachytarpheta cayennensis,1306
Plantae,Tracheophyta,Magnoliopsida,Lamiales,Verbenaceae,Verbena,Verbena simplex,1181
Plantae,Tracheophyta,Magnoliopsida,Laurales,Calycanthaceae,Calycanthus,Calycanthus floridus,4056
Plantae,Tracheophyta,Magnoliopsida,Laurales,Hernandiaceae,Illigera,Illigera celebica,4
Plantae,Tracheophyta,Magnoliopsida,Laurales,Lauraceae,Beilschmiedia,Beilschmiedia berteroana,18
Plantae,Tracheophyta,Magnoliopsida,Laurales,Lauraceae,Damburneya,Damburneya patens,9
Plantae,Tracheophyta,Magnoliopsida,Magnoliales,Annonaceae,Guatteria,Guatteria blainii,10
Plantae,Tracheophyta,Magnoliopsida,Magnoliales,Annonaceae,Guatteria,Guatteria tomentosa,4
Plantae,Tracheophyta,Magnoliopsida,Malpighiales,Caryocaraceae,Anthodiscus,Anthodiscus chocoensis,8
Plantae,Tracheophyta,Magnoliopsida,Malpighiales,Elatinaceae,Bergia,Bergia decumbens,9
Plantae,Tracheophyta,Magnoliopsida,Malpighiales,Euphorbiaceae,Alchornea,Alchornea laxiflora,19
Plantae,Tracheophyta,Magnoliopsida,Malpighiales,Euphorbiaceae,Chiropetalum,Chiropetalum tricuspidatum,59
Plantae,Tracheophyta,Magnoliopsida,Malpighiales,Euphorbiaceae,Croton,Croton argentinus,7
Plantae,Tracheophyta,Magnoliopsida,Malpighiales,Euphorbiaceae,Croton,Croton nudatus,15
Plantae,Tracheophyta,Magnoliopsida,Malpighiales,Euphorbiaceae,Euphorbia,Euphorbia collina,27
Plantae,Tracheophyta,Magnoliopsida,Malpighiales,Euphorbiaceae,Euphorbia,Euphorbia eduardoi,12
Plantae,Tracheophyta,Magnoliopsida,Malpighiales,Euphorbiaceae,Euphorbia,Euphorbia ericoides,8
Plantae,Tracheophyta,Magnoliopsida,Malpighiales,Euphorbiaceae,Euphorbia,Euphorbia friedrichiae,4
Plantae,Tracheophyta,Magnoliopsida,Malpighiales,Euphorbiaceae,Euphorbia,Euphorbia lignosa,64
Plantae,Tracheophyta,Magnoliopsida,Malpighiales,Euphorbiaceae,Euphorbia,Euphorbia melanadenia,1801
Plantae,Tracheophyta,Magnoliopsida,Malpighiales,Euphorbiaceae,Euphorbia,Euphorbia minuta,13
Plantae,Tracheophyta,Magnoliopsida,Malpighiales,Euphorbiaceae,Euphorbia,Euphorbia ocymoidea,15
Plantae,Tracheophyta,Magnoliopsida,Malpighiales,Euphorbiaceae,Euphorbia,Euphorbia pentadactyla,3
Plantae,Tracheophyta,Magnoliopsida,Malpighiales,Euphorbiaceae,Euphorbia,Euphorbia racemosa,19
Plantae,Tracheophyta,Magnoliopsida,Malpighiales,Euphorbiaceae,Euphorbia,Euphorbia transvaalensis,23
Plantae,Tracheophyta,Magnoliopsida,Malpighiales,Euphorbiaceae,Stillingia,Stillingia sanguinolenta,9
Plantae,Tracheophyta,Magnoliopsida,Malpighiales,Hypericaceae,Hypericum,Hypericum balearicum,143
Plantae,Tracheophyta,Magnoliopsida,Malpighiales,Hypericaceae,Hypericum,Hypericum suffruticosum,186
Plantae,Tracheophyta,Magnoliopsida,Malpighiales,Linaceae,Hugonia,Hugonia brewerioides,13
Plantae,Tracheophyta,Magnoliopsida,Malpighiales,Linaceae,Linum,Linum grandiflorum,829
Plantae,Tracheophyta,Magnoliopsida,Malpighiales,Malesherbiaceae,Malesherbia,Malesherbia tocopillana,10
Plantae,Tracheophyta,Magnoliopsida,Malpighiales,Malpighiaceae,Tetrapterys,Tetrapterys schiedeana,25
Plantae,Tracheophyta,Magnoliopsida,Malpighiales,Ochnaceae,Cespedesia,Cespedesia spathulata,32
Plantae,Tracheophyta,Magnoliopsida,Malpighiales,Ochnaceae,Ochna,Ochna arenaria,5
Plantae,Tracheophyta,Magnoliopsida,Malpighiales,Ochnaceae,Ochna,Ochna natalitia,165
Plantae,Tracheophyta,Magnoliopsida,Malpighiales,Passifloraceae,Adenia,Adenia epigea,3
Plantae,Tracheophyta,Magnoliopsida,Malpighiales,Passifloraceae,Passiflora,Passiflora gracillima,11
Plantae,Tracheophyta,Magnoliopsida,Malpighiales,Passifloraceae,Passiflora,Passiflora gritensis,8
Plantae,Tracheophyta,Magnoliopsida,Malpighiales,Passifloraceae,Passiflora,Passiflora micropetala,11
Plantae,Tracheophyta,Magnoliopsida,Malpighiales,Passifloraceae,Passiflora,Passiflora multiflora,41
Plantae,Tracheophyta,Magnoliopsida,Malpighiales,Phyllanthaceae,Aporosa,Aporosa cardiosperma,34
Plantae,Tracheophyta,Magnoliopsida,Malpighiales,Salicaceae,Populus,Populus hinckleyana,13
Plantae,Tracheophyta,Magnoliopsida,Malpighiales,Salicaceae,Salix,Salix acmophylla,19
Plantae,Tracheophyta,Magnoliopsida,Malpighiales,Salicaceae,Salix,Salix silesiaca,31
Plantae,Tracheophyta,Magnoliopsida,Malpighiales,Violaceae,Viola,Viola alaica,6
Plantae,Tracheophyta,Magnoliopsida,Malpighiales,Violaceae,Viola,Viola altaica,301
Plantae,Tracheophyta,Magnoliopsida,Malpighiales,Violaceae,Viola,Viola langsdorffii,307
Plantae,Tracheophyta,Magnoliopsida,Malpighiales,Violaceae,Viola,Viola micranthella,12
Plantae,Tracheophyta,Magnoliopsida,Malpighiales,Violaceae,Viola,Viola nagasawae,438
Plantae,Tracheophyta,Magnoliopsida,Malvales,Cistaceae,Cistus,Cistus florentinus,9
Plantae,Tracheophyta,Magnoliopsida,Malvales,Cistaceae,Fumana,Fumana procumbens,518
Plantae,Tracheophyta,Magnoliopsida,Malvales,Cistaceae,Helianthemum,Helianthemum hymettium,4
Plantae,Tracheophyta,Magnoliopsida,Malvales,Cistaceae,Helianthemum,Helianthemum salicifolium,445
Plantae,Tracheophyta,Magnoliopsida,Malvales,Cistaceae,Lechea,Lechea stricta,4
Plantae,Tracheophyta,Magnoliopsida,Malvales,Malvaceae,Abutilon,Abutilon andrieuxii,6
Plantae,Tracheophyta,Magnoliopsida,Malvales,Malvaceae,Callianthe,Callianthe sylvatica,11
Plantae,Tracheophyta,Magnoliopsida,Malvales,Malvaceae,Callirhoe,Callirhoe alcaeoides,527
Plantae,Tracheophyta,Magnoliopsida,Malvales,Malvaceae,Hibiscus,Hibiscus lavateroides,2
Plantae,Tracheophyta,Magnoliopsida,Malvales,Malvaceae,Hibiscus,Hibiscus pedunculatus,336
Plantae,Tracheophyta,Magnoliopsida,Malvales,Malvaceae,Hildegardia,Hildegardia populifolia,14
Plantae,Tracheophyta,Magnoliopsida,Malvales,Malvaceae,Modiolastrum,Modiolastrum malvifolium,310
Plantae,Tracheophyta,Magnoliopsida,Malvales,Malvaceae,Waltheria,Waltheria rotundifolia,33
Plantae,Tracheophyta,Magnoliopsida,Malvales,Thymelaeaceae,Daphne,Daphne retusa,5
Plantae,Tracheophyta,Magnoliopsida,Malvales,Thymelaeaceae,Gnidia,Gnidia tenella,17
Plantae,Tracheophyta,Magnoliopsida,Malvales,Thymelaeaceae,Lachnaea,Lachnaea densiflora,364
Plantae,Tracheophyta,Magnoliopsida,Malvales,Thymelaeaceae,Lachnaea,Lachnaea elsieae,15
Plantae,Tracheophyta,Magnoliopsida,Malvales,Thymelaeaceae,Passerina,Passerina comosa,5
Plantae,Tracheophyta,Magnoliopsida,Malvales,Thymelaeaceae,Pimelea,Pimelea clavata,6
Plantae,Tracheophyta,Magnoliopsida,Malvales,Thymelaeaceae,Pimelea,Pimelea suteri,50
Plantae,Tracheophyta,Magnoliopsida,Malvales,Thymelaeaceae,Wikstroemia,Wikstroemia indica,1024
Plantae,Tracheophyta,Magnoliopsida,Myrtales,Combretaceae,Terminalia,Terminalia macrostachya,34
Plantae,Tracheophyta,Magnoliopsida,Myrtales,Combretaceae,Terminalia,Terminalia microcarpa,61
Plantae,Tracheophyta,Magnoliopsida,Myrtales,Melastomataceae,Acisanthera,Acisanthera quadrata,2
Plantae,Tracheophyta,Magnoliopsida,Myrtales,Melastomataceae,Blakea,Blakea subconnata,4
Plantae,Tracheophyta,Magnoliopsida,Myrtales,Melastomataceae,Chaetogastra,Chaetogastra nitida,13
Plantae,Tracheophyta,Magnoliopsida,Myrtales,Melastomataceae,Miconia,Miconia conosetosa,14
Plantae,Tracheophyta,Magnoliopsida,Myrtales,Melastomataceae,Rhexia,Rhexia cubensis,411
Plantae,Tracheophyta,Magnoliopsida,Myrtales,Myrtaceae,Calytrix,Calytrix longiflora,32
Plantae,Tracheophyta,Magnoliopsida,Myrtales,Myrtaceae,Eucalyptus,Eucalyptus blaxlandii,41
Plantae,Tracheophyta,Magnoliopsida,Myrtales,Myrtaceae,Eucalyptus,Eucalyptus paludicola,18
Plantae,Tracheophyta,Magnoliopsida,Myrtales,Myrtaceae,Eucalyptus,Eucalyptus stricta,129
Plantae,Tracheophyta,Magnoliopsida,Myrtales,Myrtaceae,Eugenia,Eugenia bryanii,1
Plantae,Tracheophyta,Magnoliopsida,Myrtales,Myrtaceae,Gossia,Gossia bidwillii,214
Plantae,Tracheophyta,Magnoliopsida,Myrtales,Myrtaceae,Leptospermum,Leptospermum rotundifolium,105
Plantae,Tracheophyta,Magnoliopsida,Myrtales,Myrtaceae,Melaleuca,Melaleuca peucophylla,3
Plantae,Tracheophyta,Magnoliopsida,Myrtales,Myrtaceae,Myrciaria,Myrciaria dubia,18
Plantae,Tracheophyta,Magnoliopsida,Myrtales,Myrtaceae,Rhodomyrtus,Rhodomyrtus psidioides,98
Plantae,Tracheophyta,Magnoliopsida,Myrtales,Myrtaceae,Syzygium,Syzygium grande,18
Plantae,Tracheophyta,Magnoliopsida,Myrtales,Myrtaceae,Syzygium,Syzygium salicifolium,22
Plantae,Tracheophyta,Magnoliopsida,Myrtales,Onagraceae,Camissoniopsis,Camissoniopsis cheiranthifolia,3984
Plantae,Tracheophyta,Magnoliopsida,Myrtales,Onagraceae,Taraxia,Taraxia ovata,4401
Plantae,Tracheophyta,Magnoliopsida,Oxalidales,Connaraceae,Rourea,Rourea minor,78
Plantae,Tracheophyta,Magnoliopsida,Oxalidales,Oxalidaceae,Oxalis,Oxalis kamiesbergensis,2
Plantae,Tracheophyta,Magnoliopsida,Oxalidales,Oxalidaceae,Oxalis,Oxalis subsessilis,10
Plantae,Tracheophyta,Magnoliopsida,Piperales,Aristolochiaceae,Aristolochia,Aristolochia baetica,867
Plantae,Tracheophyta,Magnoliopsida,Piperales,Aristolochiaceae,Aristolochia,Aristolochia thozetii,9
Plantae,Tracheophyta,Magnoliopsida,Piperales,Aristolochiaceae,Aristolochia,Aristolochia versabilifolia,32
Plantae,Tracheophyta,Magnoliopsida,Piperales,Aristolochiaceae,Saruma,Saruma henryi,1
Plantae,Tracheophyta,Magnoliopsida,Piperales,Hydnoraceae,Hydnora,Hydnora esculenta,9
Plantae,Tracheophyta,Magnoliopsida,Piperales,Piperaceae,Peperomia,Peperomia flexinervia,6
Plantae,Tracheophyta,Magnoliopsida,Piperales,Piperaceae,Peperomia,Peperomia sessilifolia,4
Plantae,Tracheophyta,Magnoliopsida,Proteales,Proteaceae,Banksia,Banksia coccinea,247
Plantae,Tracheophyta,Magnoliopsida,Proteales,Proteaceae,Banksia,Banksia laevigata,12
Plantae,Tracheophyta,Magnoliopsida,Proteales,Proteaceae,Grevillea,Grevillea floribunda,151
Plantae,Tracheophyta,Magnoliopsida,Proteales,Proteaceae,Isopogon,Isopogon sphaerocephalus,31
Plantae,Tracheophyta,Magnoliopsida,Proteales,Proteaceae,Leucadendron,Leucadendron roodii,27
Plantae,Tracheophyta,Magnoliopsida,Proteales,Proteaceae,Persoonia,Persoonia levis,984
Plantae,Tracheophyta,Magnoliopsida,Proteales,Proteaceae,Petrophile,Petrophile prostrata,6
Plantae,Tracheophyta,Magnoliopsida,Proteales,Proteaceae,Protea,Protea curvata,20
Plantae,Tracheophyta,Magnoliopsida,Proteales,Proteaceae,Stenocarpus,Stenocarpus angustifolius,10
Plantae,Tracheophyta,Magnoliopsida,Proteales,Proteaceae,Stenocarpus,Stenocarpus milnei,26
Plantae,Tracheophyta,Magnoliopsida,Ranunculales,Berberidaceae,Berberis,Berberis cretica,34
Plantae,Tracheophyta,Magnoliopsida,Ranunculales,Berberidaceae,Diphylleia,Diphylleia cymosa,693
Plantae,Tracheophyta,Magnoliopsida,Ranunculales,Lardizabalaceae,Decaisnea,Decaisnea insignis,3
Plantae,Tracheophyta,Magnoliopsida,Ranunculales,Menispermaceae,Hyperbaena,Hyperbaena winzerlingii,11
Plantae,Tracheophyta,Magnoliopsida,Ranunculales,Menispermaceae,Tinospora,Tinospora caffra,20
Plantae,Tracheophyta,Magnoliopsida,Ranunculales,Papaveraceae,Papaver,Papaver atlanticum,93
Plantae,Tracheophyta,Magnoliopsida,Ranunculales,Ranunculaceae,Aconitum,Aconitum carmichaelii,6
Plantae,Tracheophyta,Magnoliopsida,Ranunculales,Ranunculaceae,Actaea,Actaea dahurica,79
Plantae,Tracheophyta,Magnoliopsida,Ranunculales,Ranunculaceae,Anemone,Anemone glaucifolia,2
Plantae,Tracheophyta,Magnoliopsida,Ranunculales,Ranunculaceae,Callianthemum,Callianthemum alatavicum,45
Plantae,Tracheophyta,Magnoliopsida,Ranunculales,Ranunculaceae,Clematis,Clematis meyeniana,126
Plantae,Tracheophyta,Magnoliopsida,Ranunculales,Ranunculaceae,Delphinium,Delphinium depauperatum,8
Plantae,Tracheophyta,Magnoliopsida,Ranunculales,Ranunculaceae,Delphinium,Delphinium macropogon,19
Plantae,Tracheophyta,Magnoliopsida,Ranunculales,Ranunculaceae,Ficaria,Ficaria chrysocephala,21
Plantae,Tracheophyta,Magnoliopsida,Ranunculales,Ranunculaceae,Nigella,Nigella papillosa,5
Plantae,Tracheophyta,Magnoliopsida,Ranunculales,Ranunculaceae,Ranunculus,Ranunculus arachnoideus,2
Plantae,Tracheophyta,Magnoliopsida,Ranunculales,Ranunculaceae,Ranunculus,Ranunculus bupleuroides,84
Plantae,Tracheophyta,Magnoliopsida,Ranunculales,Ranunculaceae,Ranunculus,Ranunculus flammula,2616
Plantae,Tracheophyta,Magnoliopsida,Ranunculales,Ranunculaceae,Ranunculus,Ranunculus pedatifidus,47
Plantae,Tracheophyta,Magnoliopsida,Rosales,Moraceae,Brosimum,Brosimum gaudichaudii,56
Plantae,Tracheophyta,Magnoliopsida,Rosales,Moraceae,Ficus,Ficus cestrifolia,6
Plantae,Tracheophyta,Magnoliopsida,Rosales,Moraceae,Ficus,Ficus pedunculosa,207
Plantae,Tracheophyta,Magnoliopsida,Rosales,Rhamnaceae,Berchemia,Berchemia ecorollata,28
Plantae,Tracheophyta,Magnoliopsida,Rosales,Rhamnaceae,Ceanothus,Ceanothus foliosus,398
Plantae,Tracheophyta,Magnoliopsida,Rosales,Rhamnaceae,Chacaya,Chacaya trinervis,74
Plantae,Tracheophyta,Magnoliopsida,Rosales,Rhamnaceae,Phylica,Phylica montana,9
Plantae,Tracheophyta,Magnoliopsida,Rosales,Rhamnaceae,Pomaderris,Pomaderris angustifolia,10
Plantae,Tracheophyta,Magnoliopsida,Rosales,Rhamnaceae,Rhamnus,Rhamnus pilushanensis,50
Plantae,Tracheophyta,Magnoliopsida,Rosales,Rosaceae,Alchemilla,Alchemilla plicata,48
Plantae,Tracheophyta,Magnoliopsida,Rosales,Rosaceae,Alchemilla,Alchemilla plicatula,4
Plantae,Tracheophyta,Magnoliopsida,Rosales,Rosaceae,Alchemilla,Alchemilla sarmatica,191
Plantae,Tracheophyta,Magnoliopsida,Rosales,Rosaceae,Chamaemeles,Chamaemeles coriacea,78
Plantae,Tracheophyta,Magnoliopsida,Rosales,Rosaceae,Chamaerhodos,Chamaerhodos grandiflora,128
Plantae,Tracheophyta,Magnoliopsida,Rosales,Rosaceae,Cliffortia,Cliffortia atrata,242
Plantae,Tracheophyta,Magnoliopsida,Rosales,Rosaceae,Cotoneaster,Cotoneaster multiflorus,13
Plantae,Tracheophyta,Magnoliopsida,Rosales,Rosaceae,Crataegus,Crataegus chlorocarpa,90
Plantae,Tracheophyta,Magnoliopsida,Rosales,Rosaceae,Filipendula,Filipendula rubra,853
Plantae,Tracheophyta,Magnoliopsida,Rosales,Rosaceae,Geum,Geum bulgaricum,5
Plantae,Tracheophyta,Magnoliopsida,Rosales,Rosaceae,Potentilla,Potentilla centigrana,47
Plantae,Tracheophyta,Magnoliopsida,Rosales,Rosaceae,Potentilla,Potentilla chrysantha,241
Plantae,Tracheophyta,Magnoliopsida,Rosales,Rosaceae,Potentilla,Potentilla drummondii,311
Plantae,Tracheophyta,Magnoliopsida,Rosales,Rosaceae,Poteridium,Poteridium annuum,30
Plantae,Tracheophyta,Magnoliopsida,Rosales,Rosaceae,Prunus,Prunus alabamensis,95
Plantae,Tracheophyta,Magnoliopsida,Rosales,Rosaceae,Pyrus,Pyrus elaeagrifolia,465
Plantae,Tracheophyta,Magnoliopsida,Rosales,Rosaceae,Pyrus,Pyrus salicifolia,160
Plantae,Tracheophyta,Magnoliopsida,Rosales,Rosaceae,Rosa,Rosa californica,3706
Plantae,Tracheophyta,Magnoliopsida,Rosales,Rosaceae,Rosa,Rosa pendulina,625
Plantae,Tracheophyta,Magnoliopsida,Rosales,Rosaceae,Rubus,Rubus brasiliensis,8
Plantae,Tracheophyta,Magnoliopsida,Rosales,Rosaceae,Rubus,Rubus ellipticus,312
Plantae,Tracheophyta,Magnoliopsida,Rosales,Rosaceae,Rubus,Rubus spectabilis,18364
Plantae,Tracheophyta,Magnoliopsida,Rosales,Rosaceae,Rubus,Rubus subadenanthus,35
Plantae,Tracheophyta,Magnoliopsida,Rosales,Rosaceae,Spiraea,Spiraea cinerea,3
Plantae,Tracheophyta,Magnoliopsida,Rosales,Urticaceae,Hesperocnide,Hesperocnide sandwicensis,4
Plantae,Tracheophyta,Magnoliopsida,Santalales,Loranthaceae,Struthanthus,Struthanthus syringifolius,6
Plantae,Tracheophyta,Magnoliopsida,Santalales,Santalaceae,Exocarpos,Exocarpos nanus,7
Plantae,Tracheophyta,Magnoliopsida,Santalales,Thesiaceae,Thesium,Thesium dollineri,14
Plantae,Tracheophyta,Magnoliopsida,Santalales,Thesiaceae,Thesium,Thesium pubescens,51
Plantae,Tracheophyta,Magnoliopsida,Santalales,Viscaceae,Korthalsella,Korthalsella japonica,13
Plantae,Tracheophyta,Magnoliopsida,Sapindales,Anacardiaceae,Dracontomelon,Dracontomelon duperreanum,3
Plantae,Tracheophyta,Magnoliopsida,Sapindales,Anacardiaceae,Rhus,Rhus copallina,14339
Plantae,Tracheophyta,Magnoliopsida,Sapindales,Anacardiaceae,Rhus,Rhus sandwicensis,9
Plantae,Tracheophyta,Magnoliopsida,Sapindales,Burseraceae,Boswellia,Boswellia ameero,10
Plantae,Tracheophyta,Magnoliopsida,Sapindales,Meliaceae,Anthocarapa,Anthocarapa nitidula,2
Plantae,Tracheophyta,Magnoliopsida,Sapindales,Meliaceae,Goniocheton,Goniocheton arborescens,23
Plantae,Tracheophyta,Magnoliopsida,Sapindales,Rutaceae,Correa,Correa alba,891
Plantae,Tracheophyta,Magnoliopsida,Sapindales,Rutaceae,Diosma,Diosma haelkraalensis,12
Plantae,Tracheophyta,Magnoliopsida,Sapindales,Rutaceae,Eriostemon,Eriostemon australasius,662
Plantae,Tracheophyta,Magnoliopsida,Sapindales,Rutaceae,Melicope,Melicope denhamii,4
Plantae,Tracheophyta,Magnoliopsida,Sapindales,Rutaceae,Melicope,Melicope ternata,552
Plantae,Tracheophyta,Magnoliopsida,Sapindales,Rutaceae,Naringi,Naringi crenulata,14
Plantae,Tracheophyta,Magnoliopsida,Sapindales,Rutaceae,Philotheca,Philotheca hispidula,239
Plantae,Tracheophyta,Magnoliopsida,Sapindales,Sapindaceae,Acer,Acer argutum,4
Plantae,Tracheophyta,Magnoliopsida,Sapindales,Sapindaceae,Acer,Acer diabolicum,5
Plantae,Tracheophyta,Magnoliopsida,Sapindales,Sapindaceae,Acer,Acer pectinatum,9
Plantae,Tracheophyta,Magnoliopsida,Sapindales,Sapindaceae,Dodonaea,Dodonaea ceratocarpa,4
Plantae,Tracheophyta,Magnoliopsida,Sapindales,Sapindaceae,Dodonaea,Dodonaea rupicola,16
Plantae,Tracheophyta,Magnoliopsida,Sapindales,Sapindaceae,Lepisanthes,Lepisanthes amoena,11
Plantae,Tracheophyta,Magnoliopsida,Sapindales,Sapindaceae,Paullinia,Paullinia alata,18
Plantae,Tracheophyta,Magnoliopsida,Sapindales,Simaroubaceae,Quassia,Quassia amara,112
Plantae,Tracheophyta,Magnoliopsida,Saxifragales,Crassulaceae,Adromischus,Adromischus trigynus,22
Plantae,Tracheophyta,Magnoliopsida,Saxifragales,Crassulaceae,Crassula,Crassula biplanata,419
Plantae,Tracheophyta,Magnoliopsida,Saxifragales,Crassulaceae,Crassula,Crassula dependens,414
Plantae,Tracheophyta,Magnoliopsida,Saxifragales,Crassulaceae,Crassula,Crassula pellucida,716
Plantae,Tracheophyta,Magnoliopsida,Saxifragales,Crassulaceae,Echeveria,Echeveria craigiana,10
Plantae,Tracheophyta,Magnoliopsida,Saxifragales,Crassulaceae,Echeveria,Echeveria dactylifera,32
Plantae,Tracheophyta,Magnoliopsida,Saxifragales,Crassulaceae,Echeveria,Echeveria nebularum,2
Plantae,Tracheophyta,Magnoliopsida,Saxifragales,Crassulaceae,Hylotelephium,Hylotelephium pluricaule,2
Plantae,Tracheophyta,Magnoliopsida,Saxifragales,Crassulaceae,Kalanchoe,Kalanchoe beharensis,127
Plantae,Tracheophyta,Magnoliopsida,Saxifragales,Crassulaceae,Petrosedum,Petrosedum amplexicaule,150
Plantae,Tracheophyta,Magnoliopsida,Saxifragales,Grossulariaceae,Ribes,Ribes malvaceum,2257
Plantae,Tracheophyta,Magnoliopsida,Saxifragales,Grossulariaceae,Ribes,Ribes rubrum,2024
Plantae,Tracheophyta,Magnoliopsida,Saxifragales,Paeoniaceae,Paeonia,Paeonia brownii,1402
Plantae,Tracheophyta,Magnoliopsida,Saxifragales,Saxifragaceae,Astilbe,Astilbe thunbergii,11
Plantae,Tracheophyta,Magnoliopsida,Saxifragales,Saxifragaceae,Boykinia,Boykinia heucheriformis,123
Plantae,Tracheophyta,Magnoliopsida,Saxifragales,Saxifragaceae,Chrysosplenium,Chrysosplenium pseudopilosum,16
Plantae,Tracheophyta,Magnoliopsida,Saxifragales,Saxifragaceae,Micranthes,Micranthes micranthidifolia,867
Plantae,Tracheophyta,Magnoliopsida,Saxifragales,Saxifragaceae,Saxifraga,Saxifraga porophylla,20
Plantae,Tracheophyta,Magnoliopsida,Saxifragales,Saxifragaceae,Saxifraga,Saxifraga pubescens,49
Plantae,Tracheophyta,Magnoliopsida,Saxifragales,Saxifragaceae,Saxifraga,Saxifraga tangutica,9
Plantae,Tracheophyta,Magnoliopsida,Solanales,Convolvulaceae,Ipomoea,Ipomoea indivisa,104
Plantae,Tracheophyta,Magnoliopsida,Solanales,Convolvulaceae,Ipomoea,Ipomoea perpartita,16
Plantae,Tracheophyta,Magnoliopsida,Solanales,Solanaceae,Merinthopodium,Merinthopodium neuranthum,42
Plantae,Tracheophyta,Magnoliopsida,Solanales,Solanaceae,Nierembergia,Nierembergia browallioides,8
Plantae,Tracheophyta,Magnoliopsida,Solanales,Solanaceae,Solanum,Solanum elegans,21
Plantae,Tracheophyta,Magnoliopsida,Solanales,Solanaceae,Solanum,Solanum fiebrigii,12
Plantae,Tracheophyta,Magnoliopsida,Solanales,Solanaceae,Solanum,Solanum glutinosum,11
Plantae,Tracheophyta,Magnoliopsida,Solanales,Solanaceae,Solanum,Solanum sandwicense,3
Plantae,Tracheophyta,Magnoliopsida,Solanales,Solanaceae,Streptosolen,Streptosolen jamesonii,443
Plantae,Tracheophyta,Magnoliopsida,Vitales,Vitaceae,Cissus,Cissus quadrangularis,276
Plantae,Tracheophyta,Magnoliopsida,Vitales,Vitaceae,Cyphostemma,Cyphostemma barbosae,7
Plantae,Tracheophyta,Magnoliopsida,Vitales,Vitaceae,Cyphostemma,Cyphostemma juttae,1
Plantae,Tracheophyta,Magnoliopsida,Zygophyllales,Zygophyllaceae,Bulnesia,Bulnesia retama,206
Plantae,Tracheophyta,Magnoliopsida,Zygophyllales,Zygophyllaceae,Guaiacum,Guaiacum sanctum,264
Plantae,Tracheophyta,Magnoliopsida,Zygophyllales,Zygophyllaceae,Tetraena,Tetraena waterlotii,4
Plantae,Tracheophyta,Pinopsida,Pinales,Cupressaceae,Actinostrobus,Actinostrobus arenarius,6
Plantae,Tracheophyta,Pinopsida,Pinales,Cupressaceae,Libocedrus,Libocedrus plumosa,398
Plantae,Tracheophyta,Pinopsida,Pinales,Pinaceae,Cedrus,Cedrus brevifolia,85
Plantae,Tracheophyta,Pinopsida,Pinales,Pinaceae,Picea,Picea jezoensis,203
Plantae,Tracheophyta,Pinopsida,Pinales,Pinaceae,Pinus,Pinus massoniana,78
Plantae,Tracheophyta,Pinopsida,Pinales,Podocarpaceae,Retrophyllum,Retrophyllum rospigliosii,107
Plantae,Tracheophyta,Polypodiopsida,Cyatheales,Dicksoniaceae,Dicksonia,Dicksonia squarrosa,2078
Plantae,Tracheophyta,Polypodiopsida,Equisetales,Equisetaceae,Equisetum,Equisetum pratense,5133
Plantae,Tracheophyta,Polypodiopsida,Hymenophyllales,Hymenophyllaceae,Vandenboschia,Vandenboschia boschiana,196
Plantae,Tracheophyta,Polypodiopsida,Osmundales,Osmundaceae,Claytosmunda,Claytosmunda claytoniana,11218
Plantae,Tracheophyta,Polypodiopsida,Polypodiales,Aspleniaceae,Asplenium,Asplenium auritum,20
Plantae,Tracheophyta,Polypodiopsida,Polypodiales,Aspleniaceae,Asplenium,Asplenium incisum,97
Plantae,Tracheophyta,Polypodiopsida,Polypodiales,Aspleniaceae,Asplenium,Asplenium nidus,1468
Plantae,Tracheophyta,Polypodiopsida,Polypodiales,Dennstaedtiaceae,Hiya,Hiya distans,250
Plantae,Tracheophyta,Polypodiopsida,Polypodiales,Dryopteridaceae,Bolbitis,Bolbitis scalpturata,26
Plantae,Tracheophyta,Polypodiopsida,Polypodiales,Polypodiaceae,Adenophorus,Adenophorus periens,10
Plantae,Tracheophyta,Polypodiopsida,Polypodiales,Polypodiaceae,Drynaria,Drynaria heraclea,3
Plantae,Tracheophyta,Polypodiopsida,Polypodiales,Polypodiaceae,Lepisorus,Lepisorus thunbergianus,771
Plantae,Tracheophyta,Polypodiopsida,Polypodiales,Polypodiaceae,Serpocaulon,Serpocaulon crystalloneuron,9
Plantae,Tracheophyta,Polypodiopsida,Polypodiales,Pteridaceae,Adiantum,Adiantum philippense,384
Plantae,Tracheophyta,Polypodiopsida,Polypodiales,Pteridaceae,Cheilanthes,Cheilanthes involuta,8
Plantae,Tracheophyta,Polypodiopsida,Polypodiales,Pteridaceae,Pityrogramma,Pityrogramma austroamericana,238
Plantae,Tracheophyta,Polypodiopsida,Polypodiales,Pteridaceae,Pityrogramma,Pityrogramma calomelanos,685
Plantae,Tracheophyta,Polypodiopsida,Polypodiales,Thelypteridaceae,Amauropelta,Amauropelta knysnaensis,42
Plantae,Tracheophyta,Polypodiopsida,Polypodiales,Thelypteridaceae,Amauropelta,Amauropelta sancta,11
Plantae,Tracheophyta,Polypodiopsida,Salviniales,Salviniaceae,Azolla,Azolla filiculoides,1575
Plantae,Tracheophyta,Polypodiopsida,Schizaeales,Anemiaceae,Anemia,Anemia caffrorum,703
